{
  "session_uuid": "5d123058-1ae1-4330-a2c9-efced40ca9a6",
  "timestamp": "2025-07-24T11:09:20.752360",
  "analysis_type": "basic",
  "data_period": "2_years",
  "current_regime": "TRENDING_DOWN",
  "confidence": 0.4090909090909091,
  "probabilities": {
    "TRENDING_UP": 0.09090909090909091,
    "TRENDING_DOWN": 0.4090909090909091,
    "VOLATILE": 0.09090909090909091,
    "SIDEWAYS": 0.4090909090909091
  },
  "macro_analysis": {
    "market_condition": "bull_market",
    "confidence": 0.6,
    "key_indicators": {
      "rate_environment": "unknown",
      "rate_trend": "unknown",
      "growth_outlook": "unknown"
    },
    "sector_rotation": {},
    "recommendations": {
      "overweight_sectors": [],
      "underweight_sectors": [],
      "neutral_sectors": [],
      "strategy": "Momentum following - 순환적 섹터 중 선도 섹터 집중",
      "risk_level": "high"
    }
  },
  "optimal_params": {
    "sma_short": 7,
    "sma_medium": 48,
    "sma_long": 147,
    "ema_short": 17,
    "ema_long": 49,
    "adx_period": 13,
    "adx_threshold": 24,
    "supertrend_period": 14,
    "supertrend_multiplier": 3.5754612880326726,
    "rsi_period": 27,
    "rsi_overbought": 82,
    "rsi_oversold": 16,
    "macd_fast": 9,
    "macd_slow": 30,
    "macd_signal": 13,
    "stoch_k_period": 17,
    "stoch_d_period": 3,
    "cci_period": 29,
    "williams_r_period": 25,
    "bb_period": 24,
    "bb_std": 2.703856067766952,
    "atr_period": 10,
    "keltner_period": 11,
    "keltner_multiplier": 2.4815551329844148,
    "donchian_period": 19,
    "volume_ma_period": 19,
    "obv_ma_period": 30,
    "vwap_period": 14,
    "money_flow_period": 12,
    "pivot_period": 15,
    "fibonacci_levels": 4,
    "support_tolerance": 0.014910665007287221,
    "resistance_tolerance": 0.018308028037904735,
    "trend_weight": 0.5363698030475769,
    "momentum_weight": 0.3302575598215065,
    "volatility_weight": 0.28169400292889774,
    "macro_weight": 0.27636147432631814,
    "volume_weight": 0.19398051868960686,
    "support_resistance_weight": 0.15381284875828982,
    "base_position": 0.5657957276030806,
    "volatile_reduction": 0.5538866930467874,
    "trending_boost": 1.4923240143447287,
    "momentum_boost": 1.0154485612359503,
    "volume_boost": 1.0191483222283206,
    "stop_atr_multiplier": 1.9466687468959512,
    "stop_fixed_percentage": 0.05966684783454403,
    "profit_atr_multiplier": 4.433466903832824,
    "profit_fixed_percentage": 0.10926210801915615,
    "trailing_stop_percentage": 0.02866009719027211,
    "max_position_size": 1.2113492822246288,
    "max_drawdown_limit": 0.0561063232515635,
    "entry_confirmation_periods": 1,
    "exit_confirmation_periods": 1,
    "trend_confirmation_periods": 3,
    "volume_confirmation_threshold": 1.8474852828201476,
    "momentum_confirmation_threshold": 0.6689154439030436
  },
  "optimization_performance": {
    "total_return": 0.33376469052565927,
    "log_return": 0.2880055380253956,
    "buy_hold_return": 0.09050241794625169,
    "buy_hold_log_return": 0.08663852393930008,
    "excess_return": 0.24326227257940758,
    "sharpe_ratio": 2.0860402262596596,
    "sortino_ratio": 2.412133680283571,
    "calmar_ratio": 1.8916504891041197,
    "max_drawdown": -0.17644099290441823,
    "win_rate": 0.594059405940594,
    "avg_win": 0.012601933311076553,
    "avg_loss": -0.010991125685710545,
    "profit_factor": 1.7198329367837457,
    "max_consecutive_wins": 9,
    "max_consecutive_losses": 4,
    "win_rate_weighted_return": 0.003024552926242185,
    "trade_frequency": 0.9900990099009901,
    "total_trades": "100"
  },
  "validation_results": {
    "data_quality": {
      "spy_data_points": 501,
      "macro_indicators": 12,
      "data_completeness": 0.95
    },
    "regime_consistency": {
      "confidence_threshold_met": "False",
      "probability_sum": 1.0
    }
  },
  "rlmf_analysis": {},
  "confidence_analysis": {},
  "regime_detection": {},
  "llm_insights": {},
  "llm_api_insights": {},
  "final_confidence": {
    "final_confidence": 0.4090909090909091
  },
  "enhanced_recommendations": {
    "primary_strategy": "BULLISH",
    "risk_management": {},
    "sector_rotation": [],
    "position_sizing": "AGGRESSIVE",
    "time_horizon": "MEDIUM",
    "key_considerations": []
  }
}