{
  "session_uuid": "5aeedec6-884f-4e30-86ff-7b923e75b2f8",
  "timestamp": "2025-07-24T11:20:11.206572",
  "analysis_type": "basic",
  "data_period": "2_years",
  "current_regime": "TRENDING_DOWN",
  "confidence": 0.4090909090909091,
  "probabilities": {
    "TRENDING_UP": 0.09090909090909091,
    "TRENDING_DOWN": 0.4090909090909091,
    "VOLATILE": 0.09090909090909091,
    "SIDEWAYS": 0.4090909090909091
  },
  "macro_analysis": {
    "market_condition": "bull_market",
    "confidence": 0.6,
    "key_indicators": {
      "rate_environment": "unknown",
      "rate_trend": "unknown",
      "growth_outlook": "unknown"
    },
    "sector_rotation": {},
    "recommendations": {
      "overweight_sectors": [],
      "underweight_sectors": [],
      "neutral_sectors": [],
      "strategy": "Momentum following - 순환적 섹터 중 선도 섹터 집중",
      "risk_level": "high"
    }
  },
  "optimal_params": {
    "sma_short": 22,
    "sma_medium": 30,
    "sma_long": 101,
    "ema_short": 15,
    "ema_long": 30,
    "adx_period": 12,
    "adx_threshold": 31,
    "supertrend_period": 7,
    "supertrend_multiplier": 3.919335473623437,
    "rsi_period": 28,
    "rsi_overbought": 85,
    "rsi_oversold": 35,
    "macd_fast": 8,
    "macd_slow": 29,
    "macd_signal": 5,
    "stoch_k_period": 12,
    "stoch_d_period": 7,
    "cci_period": 10,
    "williams_r_period": 30,
    "bb_period": 29,
    "bb_std": 2.7634262886067096,
    "atr_period": 27,
    "keltner_period": 30,
    "keltner_multiplier": 2.7482576612756393,
    "donchian_period": 20,
    "volume_ma_period": 30,
    "obv_ma_period": 25,
    "vwap_period": 29,
    "money_flow_period": 30,
    "pivot_period": 7,
    "fibonacci_levels": 6,
    "support_tolerance": 0.007636897281734691,
    "resistance_tolerance": 0.009506289817351535,
    "trend_weight": 0.4637804473781613,
    "momentum_weight": 0.2656466336249731,
    "volatility_weight": 0.22647533851318444,
    "macro_weight": 0.2261178398827291,
    "volume_weight": 0.1858717034805149,
    "support_resistance_weight": 0.1122330064359719,
    "base_position": 0.774878852853824,
    "volatile_reduction": 0.48096937805846346,
    "trending_boost": 1.4947148458617552,
    "momentum_boost": 1.1274832943090904,
    "volume_boost": 1.193549277930175,
    "stop_atr_multiplier": 2.6435725055172714,
    "stop_fixed_percentage": 0.07172977550257806,
    "profit_atr_multiplier": 3.4483843709571254,
    "profit_fixed_percentage": 0.06179936052043481,
    "trailing_stop_percentage": 0.011495392553035855,
    "max_position_size": 1.0640759544601106,
    "max_drawdown_limit": 0.05034106556439054,
    "entry_confirmation_periods": 1,
    "exit_confirmation_periods": 2,
    "trend_confirmation_periods": 3,
    "volume_confirmation_threshold": 1.5532481724036498,
    "momentum_confirmation_threshold": 0.6949664713203269
  },
  "optimization_performance": {
    "total_return": 0.406789891208607,
    "log_return": 0.34131043592838667,
    "buy_hold_return": 0.09050241794625169,
    "buy_hold_log_return": 0.08663852393930008,
    "excess_return": 0.3162874732623553,
    "sharpe_ratio": 2.802098626912323,
    "sortino_ratio": 4.524867233164533,
    "calmar_ratio": 4.3114409405153475,
    "max_drawdown": -0.09435126140449537,
    "win_rate": 0.594059405940594,
    "avg_win": 0.01076722682206487,
    "avg_loss": -0.007110290462316897,
    "profit_factor": 2.271474044371815,
    "max_consecutive_wins": 9,
    "max_consecutive_losses": 4,
    "win_rate_weighted_return": 0.003510016835335638,
    "trade_frequency": 0.9900990099009901,
    "total_trades": "100"
  },
  "validation_results": {
    "data_quality": {
      "spy_data_points": 501,
      "macro_indicators": 12,
      "data_completeness": 0.95
    },
    "regime_consistency": {
      "confidence_threshold_met": "False",
      "probability_sum": 1.0
    }
  },
  "rlmf_analysis": {
    "statistical_arbitrage": {
      "overall_signal": 0.0,
      "confidence": 0.0,
      "individual_signals": {},
      "signal_strength": 0.0,
      "direction": "NEUTRAL"
    },
    "market_feedback": {
      "prediction_accuracy": 0.0,
      "return_alignment": 0.0,
      "volatility_prediction": 0.0,
      "regime_persistence": 0.0,
      "macro_consistency": 0.0
    },
    "adaptation_status": {
      "status": "initializing",
      "weights": {
        "trend_strength": 1.0,
        "volatility_regime": 1.0,
        "momentum_persistence": 1.0,
        "macro_alignment": 1.0,
        "correlation_shift": 1.0
      },
      "performance": 0.5,
      "feedback_count": 0
    },
    "learning_rate": 0.01
  },
  "confidence_analysis": {},
  "regime_detection": {},
  "llm_insights": {},
  "llm_api_insights": {},
  "final_confidence": {
    "final_confidence": 0.4090909090909091
  },
  "enhanced_recommendations": {
    "primary_strategy": "BEARISH",
    "risk_level": "high",
    "position_sizing": "CONSERVATIVE",
    "time_horizon": "MEDIUM",
    "overweight_sectors": [],
    "underweight_sectors": [],
    "neutral_sectors": [],
    "key_actions": [
      "방어적 포지셔닝",
      "방어적 섹터 집중"
    ],
    "risk_warnings": [],
    "sector_rotation": [],
    "strategy": "Momentum following - 순환적 섹터 중 선도 섹터 집중"
  }
}