{
  "session_uuid": "d16efa67-d68e-438e-94f0-3659f278ac94",
  "timestamp": "2025-07-24T11:21:36.555890",
  "analysis_type": "basic",
  "data_period": "2_years",
  "current_regime": "TRENDING_DOWN",
  "confidence": 0.5454545454545455,
  "probabilities": {
    "TRENDING_UP": 0.10101010101010101,
    "TRENDING_DOWN": 0.3535353535353536,
    "VOLATILE": 0.0,
    "SIDEWAYS": 0.5454545454545455
  },
  "macro_analysis": {
    "market_condition": "bull_market",
    "confidence": 0.6,
    "key_indicators": {
      "rate_environment": "unknown",
      "rate_trend": "unknown",
      "growth_outlook": "unknown"
    },
    "sector_rotation": {},
    "recommendations": {
      "overweight_sectors": [],
      "underweight_sectors": [],
      "neutral_sectors": [],
      "strategy": "Momentum following - 순환적 섹터 중 선도 섹터 집중",
      "risk_level": "high"
    }
  },
  "optimal_params": {
    "sma_short": 28,
    "sma_medium": 35,
    "sma_long": 107,
    "ema_short": 10,
    "ema_long": 25,
    "adx_period": 12,
    "adx_threshold": 40,
    "supertrend_period": 15,
    "supertrend_multiplier": 2.9522194521652314,
    "rsi_period": 21,
    "rsi_overbought": 79,
    "rsi_oversold": 15,
    "macd_fast": 13,
    "macd_slow": 28,
    "macd_signal": 6,
    "stoch_k_period": 16,
    "stoch_d_period": 3,
    "cci_period": 13,
    "williams_r_period": 22,
    "bb_period": 22,
    "bb_std": 2.8367703355043,
    "atr_period": 13,
    "keltner_period": 18,
    "keltner_multiplier": 2.3541889464939993,
    "donchian_period": 23,
    "volume_ma_period": 29,
    "obv_ma_period": 12,
    "vwap_period": 27,
    "money_flow_period": 12,
    "pivot_period": 19,
    "fibonacci_levels": 6,
    "support_tolerance": 0.01187929734520385,
    "resistance_tolerance": 0.01269813159551099,
    "trend_weight": 0.3469290386677349,
    "momentum_weight": 0.14663899787640616,
    "volatility_weight": 0.2511165329857995,
    "macro_weight": 0.24568543050635555,
    "volume_weight": 0.15939541606603336,
    "support_resistance_weight": 0.05602990271002925,
    "base_position": 0.6061458123013186,
    "volatile_reduction": 0.33225821760352975,
    "trending_boost": 1.339872162054003,
    "momentum_boost": 1.1159833732306077,
    "volume_boost": 1.109193308700657,
    "stop_atr_multiplier": 2.2343728228931887,
    "stop_fixed_percentage": 0.03690900961749775,
    "profit_atr_multiplier": 3.9109183592822605,
    "profit_fixed_percentage": 0.08816307497185402,
    "trailing_stop_percentage": 0.0207999410770845,
    "max_position_size": 0.8905375787479464,
    "max_drawdown_limit": 0.10185929451670223,
    "entry_confirmation_periods": 3,
    "exit_confirmation_periods": 1,
    "trend_confirmation_periods": 3,
    "volume_confirmation_threshold": 1.347207275542423,
    "momentum_confirmation_threshold": 0.8815576009917728
  },
  "optimization_performance": {},
  "validation_results": {
    "data_quality": {
      "spy_data_points": 501,
      "macro_indicators": 12,
      "data_completeness": 0.95
    },
    "regime_consistency": {
      "confidence_threshold_met": "False",
      "probability_sum": 1.0
    }
  },
  "rlmf_analysis": {
    "statistical_arbitrage": {
      "overall_signal": 0.0,
      "confidence": 0.0,
      "individual_signals": {},
      "signal_strength": 0.0,
      "direction": "NEUTRAL"
    },
    "market_feedback": {
      "prediction_accuracy": 0.0,
      "return_alignment": 0.0,
      "volatility_prediction": 0.0,
      "regime_persistence": 0.0,
      "macro_consistency": 0.0
    },
    "adaptation_status": {
      "status": "initializing",
      "weights": {
        "trend_strength": 1.0,
        "volatility_regime": 1.0,
        "momentum_persistence": 1.0,
        "macro_alignment": 1.0,
        "correlation_shift": 1.0
      },
      "performance": 0.5,
      "feedback_count": 0
    },
    "learning_rate": 0.01
  },
  "confidence_analysis": {},
  "regime_detection": {},
  "llm_insights": {},
  "llm_api_insights": {},
  "final_confidence": {
    "final_confidence": 0.5454545454545455
  },
  "enhanced_recommendations": {
    "primary_strategy": "BEARISH",
    "risk_level": "high",
    "position_sizing": "CONSERVATIVE",
    "time_horizon": "MEDIUM",
    "overweight_sectors": [],
    "underweight_sectors": [],
    "neutral_sectors": [],
    "key_actions": [
      "방어적 포지셔닝",
      "방어적 섹터 집중"
    ],
    "risk_warnings": [],
    "sector_rotation": [],
    "strategy": "Momentum following - 순환적 섹터 중 선도 섹터 집중"
  }
}