{
  "session_uuid": "acca5097-bb75-455f-a74a-6ae4f2ec6395",
  "timestamp": "2025-07-24T11:17:26.696017",
  "analysis_type": "basic",
  "data_period": "2_years",
  "current_regime": "TRENDING_DOWN",
  "confidence": 0.6067415730337079,
  "probabilities": {
    "TRENDING_UP": 0.11235955056179774,
    "TRENDING_DOWN": 0.2808988764044944,
    "VOLATILE": 0.0,
    "SIDEWAYS": 0.6067415730337079
  },
  "macro_analysis": {
    "market_condition": "bull_market",
    "confidence": 0.6,
    "key_indicators": {
      "rate_environment": "unknown",
      "rate_trend": "unknown",
      "growth_outlook": "unknown"
    },
    "sector_rotation": {},
    "recommendations": {
      "overweight_sectors": [],
      "underweight_sectors": [],
      "neutral_sectors": [],
      "strategy": "Momentum following - 순환적 섹터 중 선도 섹터 집중",
      "risk_level": "high"
    }
  },
  "optimal_params": {
    "sma_short": 6,
    "sma_medium": 35,
    "sma_long": 105,
    "ema_short": 17,
    "ema_long": 42,
    "adx_period": 14,
    "adx_threshold": 25,
    "supertrend_period": 19,
    "supertrend_multiplier": 3.003413437478464,
    "rsi_period": 28,
    "rsi_overbought": 84,
    "rsi_oversold": 32,
    "macd_fast": 14,
    "macd_slow": 24,
    "macd_signal": 12,
    "stoch_k_period": 20,
    "stoch_d_period": 4,
    "cci_period": 13,
    "williams_r_period": 22,
    "bb_period": 26,
    "bb_std": 2.965307023363321,
    "atr_period": 27,
    "keltner_period": 26,
    "keltner_multiplier": 2.653637453876926,
    "donchian_period": 17,
    "volume_ma_period": 10,
    "obv_ma_period": 21,
    "vwap_period": 12,
    "money_flow_period": 28,
    "pivot_period": 16,
    "fibonacci_levels": 3,
    "support_tolerance": 0.01552926611862554,
    "resistance_tolerance": 0.010412184791815396,
    "trend_weight": 0.5900424892657822,
    "momentum_weight": 0.10009908750926882,
    "volatility_weight": 0.22704423877969446,
    "macro_weight": 0.14553198839708892,
    "volume_weight": 0.18858323059171458,
    "support_resistance_weight": 0.15574959340150085,
    "base_position": 0.587576066153916,
    "volatile_reduction": 0.5029242059231709,
    "trending_boost": 1.4647469427856037,
    "momentum_boost": 1.0378480438798356,
    "volume_boost": 1.012772334676725,
    "stop_atr_multiplier": 2.804712788310528,
    "stop_fixed_percentage": 0.03105723160227277,
    "profit_atr_multiplier": 2.9720903767286986,
    "profit_fixed_percentage": 0.13372171490901985,
    "trailing_stop_percentage": 0.029589524871280366,
    "max_position_size": 1.2610144963454646,
    "max_drawdown_limit": 0.14171683867481558,
    "entry_confirmation_periods": 3,
    "exit_confirmation_periods": 2,
    "trend_confirmation_periods": 2,
    "volume_confirmation_threshold": 1.9007703277325172,
    "momentum_confirmation_threshold": 0.8626600369855996
  },
  "optimization_performance": {
    "total_return": 0.38063520727999034,
    "log_return": 0.32254368839623415,
    "buy_hold_return": 0.09050241794625169,
    "buy_hold_log_return": 0.08663852393930008,
    "excess_return": 0.29013278933373865,
    "sharpe_ratio": 2.509595963497025,
    "sortino_ratio": 3.124648759758321,
    "calmar_ratio": 3.068702642456962,
    "max_drawdown": -0.12403782693497932,
    "win_rate": 0.594059405940594,
    "avg_win": 0.011225055436844426,
    "avg_loss": -0.008187099615153404,
    "profit_factor": 2.0565992777347133,
    "max_consecutive_wins": 9,
    "max_consecutive_losses": 4,
    "win_rate_weighted_return": 0.003344873683063128,
    "trade_frequency": 0.9900990099009901,
    "total_trades": "100"
  },
  "validation_results": {
    "data_quality": {
      "spy_data_points": 501,
      "macro_indicators": 12,
      "data_completeness": 0.95
    },
    "regime_consistency": {
      "confidence_threshold_met": "True",
      "probability_sum": 1.0
    }
  },
  "rlmf_analysis": {
    "statistical_arbitrage": {
      "overall_signal": 0.0,
      "confidence": 0.0,
      "individual_signals": {},
      "signal_strength": 0.0,
      "direction": "NEUTRAL"
    },
    "market_feedback": {
      "prediction_accuracy": 0.0,
      "return_alignment": 0.0,
      "volatility_prediction": 0.0,
      "regime_persistence": 0.0,
      "macro_consistency": 0.0
    },
    "adaptation_status": {
      "status": "initializing",
      "weights": {
        "trend_strength": 1.0,
        "volatility_regime": 1.0,
        "momentum_persistence": 1.0,
        "macro_alignment": 1.0,
        "correlation_shift": 1.0
      },
      "performance": 0.5,
      "feedback_count": 0
    },
    "learning_rate": 0.01
  },
  "confidence_analysis": {},
  "regime_detection": {},
  "llm_insights": {},
  "llm_api_insights": {},
  "final_confidence": {
    "final_confidence": 0.6067415730337079
  },
  "enhanced_recommendations": {
    "primary_strategy": "BEARISH",
    "risk_level": "high",
    "position_sizing": "CONSERVATIVE",
    "time_horizon": "MEDIUM",
    "overweight_sectors": [],
    "underweight_sectors": [],
    "neutral_sectors": [],
    "key_actions": [
      "방어적 포지셔닝",
      "방어적 섹터 집중"
    ],
    "risk_warnings": [],
    "sector_rotation": [],
    "strategy": "Momentum following - 순환적 섹터 중 선도 섹터 집중"
  }
}