{
  "session_uuid": "ca2cca74-89e1-43a2-af3f-ff12b992de91",
  "timestamp": "2025-07-24T16:14:50.418292",
  "analysis_type": "basic",
  "data_period": "2_years",
  "current_regime": "SIDEWAYS",
  "confidence": 0.8477886221164499,
  "probabilities": {
    "TRENDING_UP": 0.07973397462185934,
    "TRENDING_DOWN": 0.07247740326169066,
    "VOLATILE": 0.0,
    "SIDEWAYS": 0.8477886221164499
  },
  "macro_analysis": {
    "market_condition": "bull_market",
    "confidence": 0.6,
    "key_indicators": {
      "rate_environment": "unknown",
      "rate_trend": "unknown",
      "growth_outlook": "unknown"
    },
    "sector_rotation": {},
    "recommendations": {
      "overweight_sectors": [],
      "underweight_sectors": [],
      "neutral_sectors": [],
      "strategy": "Momentum following - 순환적 섹터 중 선도 섹터 집중",
      "risk_level": "high"
    }
  },
  "optimal_params": {
    "sma_short": 28,
    "sma_medium": 46,
    "sma_long": 194,
    "ema_short": 18,
    "ema_long": 49,
    "adx_period": 17,
    "adx_threshold": 27,
    "supertrend_period": 9,
    "supertrend_multiplier": 3.738173488767992,
    "rsi_period": 19,
    "rsi_overbought": 82,
    "rsi_oversold": 15,
    "macd_fast": 9,
    "macd_slow": 20,
    "macd_signal": 13,
    "stoch_k_period": 16,
    "stoch_d_period": 8,
    "cci_period": 16,
    "williams_r_period": 12,
    "bb_period": 24,
    "bb_std": 2.9722133320106816,
    "atr_period": 30,
    "keltner_period": 26,
    "keltner_multiplier": 2.923295999243166,
    "donchian_period": 10,
    "volume_ma_period": 23,
    "obv_ma_period": 12,
    "vwap_period": 23,
    "money_flow_period": 26,
    "pivot_period": 19,
    "fibonacci_levels": 8,
    "support_tolerance": 0.012901101791565103,
    "resistance_tolerance": 0.01304079553940477,
    "trend_weight": 0.20740104343628984,
    "momentum_weight": 0.2561054129294651,
    "volatility_weight": 0.24902013261915176,
    "macro_weight": 0.1773238012502775,
    "volume_weight": 0.19567448505693513,
    "support_resistance_weight": 0.0661496945589704,
    "base_position": 0.5251548765316245,
    "volatile_reduction": 0.4383430433343611,
    "trending_boost": 1.4983620936021076,
    "momentum_boost": 1.1082811372995476,
    "volume_boost": 1.1997350778931726,
    "stop_atr_multiplier": 2.3780586110517987,
    "stop_fixed_percentage": 0.03300332318070462,
    "profit_atr_multiplier": 3.328772817971357,
    "profit_fixed_percentage": 0.05400679370429103,
    "trailing_stop_percentage": 0.010008517502097757,
    "max_position_size": 1.1637308203012544,
    "max_drawdown_limit": 0.0973286760327218,
    "entry_confirmation_periods": 2,
    "exit_confirmation_periods": 3,
    "trend_confirmation_periods": 7,
    "volume_confirmation_threshold": 1.5405112660693512,
    "momentum_confirmation_threshold": 0.6921701174338586
  },
  "optimization_performance": {
    "total_return": 0.5179441512578524,
    "log_return": 0.41735688729390036,
    "buy_hold_return": 0.09050241794625191,
    "buy_hold_log_return": 0.08663852393930027,
    "excess_return": 0.4274417333116005,
    "sharpe_ratio": 3.4001000986692347,
    "sortino_ratio": 5.471036001110808,
    "calmar_ratio": 5.476300643766598,
    "max_drawdown": -0.09457920317932189,
    "win_rate": 0.594059405940594,
    "avg_win": 0.011439765654169107,
    "avg_loss": -0.006212862765853612,
    "profit_factor": 2.761955177179263,
    "max_consecutive_wins": 9,
    "max_consecutive_losses": 4,
    "win_rate_weighted_return": 0.004273847186635132,
    "trade_frequency": 0.9900990099009901,
    "total_trades": "100"
  },
  "validation_results": {
    "data_quality": {
      "spy_data_points": 501,
      "macro_indicators": 14,
      "data_completeness": 0.95
    },
    "regime_consistency": {
      "confidence_threshold_met": true,
      "probability_sum": 0.9999999999999999
    }
  },
  "rlmf_analysis": {
    "statistical_arbitrage": {
      "overall_signal": 0.0,
      "confidence": 0.0,
      "individual_signals": {},
      "signal_strength": 0.0,
      "direction": "NEUTRAL"
    },
    "market_feedback": {
      "prediction_accuracy": 0.0,
      "return_alignment": 0.0,
      "volatility_prediction": 0.0,
      "regime_persistence": 0.0,
      "macro_consistency": 0.0
    },
    "adaptation_status": {
      "status": "initializing",
      "weights": {
        "trend_strength": 1.0,
        "volatility_regime": 1.0,
        "momentum_persistence": 1.0,
        "macro_alignment": 1.0,
        "correlation_shift": 1.0
      },
      "performance": 0.5,
      "feedback_count": 0
    },
    "learning_rate": 0.01
  },
  "confidence_analysis": {},
  "regime_detection": {},
  "llm_insights": {},
  "llm_api_insights": {},
  "final_confidence": {
    "final_confidence": 0.8477886221164499
  },
  "enhanced_recommendations": {
    "primary_strategy": "RANGE_TRADING",
    "risk_level": "high",
    "position_sizing": "MODERATE",
    "time_horizon": "MEDIUM",
    "overweight_sectors": [],
    "underweight_sectors": [],
    "neutral_sectors": [],
    "key_actions": [
      "범위 내 거래",
      "지지/저항선 활용"
    ],
    "risk_warnings": [],
    "sector_rotation": [],
    "strategy": "Momentum following - 순환적 섹터 중 선도 섹터 집중"
  },
  "random_forest_info": {
    "model_used": true,
    "accuracy": null,
    "trained_at": "2025-07-24T16:02:56.022593"
  }
}