{
  "session_uuid": "66e3547e-98f4-4b83-8bf7-9bd323034209",
  "timestamp": "2025-07-24T15:19:28.517740",
  "analysis_type": "basic",
  "data_period": "2_years",
  "current_regime": "UNCERTAIN",
  "confidence": 0.5,
  "probabilities": {
    "TRENDING_UP": 0.25,
    "TRENDING_DOWN": 0.25,
    "SIDEWAYS": 0.25,
    "VOLATILE": 0.25
  },
  "macro_analysis": {
    "market_condition": "recession_fear",
    "confidence": 0.7999999999999999,
    "key_indicators": {
      "vix_current": 15.369999885559082,
      "vix_ma_20": 16.60799984931946,
      "vix_percentile": 29.371296288466624,
      "volatility_regime": "normal",
      "yield_spread": 0.14800024032592773,
      "spread_ma_20": 0.13590004444122314,
      "recession_risk": "low",
      "tips_spread_tip_tlt": 0.016743628171529856,
      "tips_spread_tip_tlt_ma_50": 0.007408251673459681,
      "tips_spread_short_long": 0.00988147385623317,
      "tips_spread_short_long_ma_50": 0.0004547131889552958,
      "tips_spread_schp_tlt": 0.016029764702670812,
      "tips_spread_schp_tlt_ma_50": 0.00762273363762628,
      "tips_spread_composite": 0.014218288910144613,
      "tips_spread_composite_ma_50": 0.005161899500013753,
      "inflation_expectation": "stable",
      "inflation_trend": "increasing",
      "dollar_strength": 27.059999465942383,
      "dollar_ma_50": 27.33479999542236,
      "dollar_trend": "weak",
      "gold_price": 312.17999267578125,
      "gold_ma_50": 306.69859985351565,
      "gold_trend": "bullish",
      "bond_price": 86.04000091552734,
      "bond_ma_50": 85.82727600097657,
      "bond_trend": "bullish",
      "rate_environment": "moderate_rates",
      "rate_trend": "decreasing",
      "growth_outlook": "positive"
    },
    "sector_rotation": {},
    "recommendations": {
      "overweight_sectors": [],
      "underweight_sectors": [],
      "neutral_sectors": [],
      "strategy": "Recession hedge - 방어적 섹터 + 국채 비중 확대",
      "risk_level": "low"
    }
  },
  "optimal_params": {
    "sma_short": 26,
    "sma_medium": 57,
    "sma_long": 169,
    "ema_short": 7,
    "ema_long": 45,
    "adx_period": 29,
    "adx_threshold": 40,
    "supertrend_period": 8,
    "supertrend_multiplier": 3.477681068084162,
    "rsi_period": 26,
    "rsi_overbought": 83,
    "rsi_oversold": 33,
    "macd_fast": 10,
    "macd_slow": 21,
    "macd_signal": 14,
    "stoch_k_period": 10,
    "stoch_d_period": 10,
    "cci_period": 23,
    "williams_r_period": 29,
    "bb_period": 27,
    "bb_std": 1.5352956290034425,
    "atr_period": 17,
    "keltner_period": 27,
    "keltner_multiplier": 2.861329451094833,
    "donchian_period": 17,
    "volume_ma_period": 25,
    "obv_ma_period": 11,
    "vwap_period": 11,
    "money_flow_period": 26,
    "pivot_period": 5,
    "fibonacci_levels": 3,
    "support_tolerance": 0.015838841138437008,
    "resistance_tolerance": 0.00814038294890042,
    "trend_weight": 0.5184951844359859,
    "momentum_weight": 0.3659580210831909,
    "volatility_weight": 0.38643240187340444,
    "macro_weight": 0.12884197649133972,
    "volume_weight": 0.1628692451425018,
    "support_resistance_weight": 0.11857603102652009,
    "base_position": 0.5196606704083763,
    "volatile_reduction": 0.5374697068148464,
    "trending_boost": 1.4988592110739287,
    "momentum_boost": 1.1504633887725222,
    "volume_boost": 1.0732180975249122,
    "stop_atr_multiplier": 2.612132590408545,
    "stop_fixed_percentage": 0.06618195203771741,
    "profit_atr_multiplier": 2.6746480602850644,
    "profit_fixed_percentage": 0.13936837396466278,
    "trailing_stop_percentage": 0.041638193953568534,
    "max_position_size": 0.9102067129974785,
    "max_drawdown_limit": 0.12201588675898258,
    "entry_confirmation_periods": 5,
    "exit_confirmation_periods": 3,
    "trend_confirmation_periods": 7,
    "volume_confirmation_threshold": 1.382949187503304,
    "momentum_confirmation_threshold": 0.6001668434511238
  },
  "optimization_performance": {
    "total_return": 0.22211392326000468,
    "log_return": 0.20058208329439464,
    "buy_hold_return": 0.09050241794625169,
    "buy_hold_log_return": 0.08663852393930008,
    "excess_return": 0.13161150531375299,
    "sharpe_ratio": 1.5771065925234127,
    "sortino_ratio": 2.003600893152386,
    "calmar_ratio": 1.7858806488951082,
    "max_drawdown": -0.12437221008997579,
    "win_rate": 0.594059405940594,
    "avg_win": 0.01065384470191413,
    "avg_loss": -0.010344661856966742,
    "profit_factor": 1.5448322307518199,
    "max_consecutive_wins": 9,
    "max_consecutive_losses": 4,
    "win_rate_weighted_return": 0.0021296984750416963,
    "trade_frequency": 0.9900990099009901,
    "total_trades": "100"
  },
  "validation_results": {
    "data_quality": {
      "spy_data_points": 501,
      "macro_indicators": 15,
      "data_completeness": 0.95
    },
    "regime_consistency": {
      "confidence_threshold_met": false,
      "probability_sum": 1.0
    }
  },
  "rlmf_analysis": {
    "statistical_arbitrage": {
      "overall_signal": 0.0,
      "confidence": 0.0,
      "individual_signals": {},
      "signal_strength": 0.0,
      "direction": "NEUTRAL"
    },
    "market_feedback": {
      "prediction_accuracy": 0.0,
      "return_alignment": 0.0,
      "volatility_prediction": 0.0,
      "regime_persistence": 0.0,
      "macro_consistency": 0.0
    },
    "adaptation_status": {
      "status": "initializing",
      "weights": {
        "trend_strength": 1.0,
        "volatility_regime": 1.0,
        "momentum_persistence": 1.0,
        "macro_alignment": 1.0,
        "correlation_shift": 1.0
      },
      "performance": 0.5,
      "feedback_count": 0
    },
    "learning_rate": 0.01
  },
  "confidence_analysis": {},
  "regime_detection": {},
  "llm_insights": {},
  "llm_api_insights": {},
  "final_confidence": {
    "final_confidence": 0.5
  },
  "enhanced_recommendations": {
    "primary_strategy": "",
    "risk_level": "low",
    "position_sizing": "MODERATE",
    "time_horizon": "MEDIUM",
    "overweight_sectors": [],
    "underweight_sectors": [],
    "neutral_sectors": [],
    "key_actions": [
      "국채 비중 확대"
    ],
    "risk_warnings": [
      "경기침체 우려 - 현금 비중 확대 고려"
    ],
    "sector_rotation": [],
    "strategy": "Recession hedge - 방어적 섹터 + 국채 비중 확대"
  },
  "random_forest_info": {
    "model_used": true,
    "accuracy": null,
    "trained_at": null
  }
}