{
  "session_uuid": "0d2a89d3-5296-41a0-be03-d26bfa3014b3",
  "timestamp": "2025-07-24T11:11:07.332145",
  "analysis_type": "basic",
  "data_period": "2_years",
  "current_regime": "TRENDING_DOWN",
  "confidence": 0.6067415730337079,
  "probabilities": {
    "TRENDING_UP": 0.11235955056179774,
    "TRENDING_DOWN": 0.2808988764044944,
    "VOLATILE": 0.0,
    "SIDEWAYS": 0.6067415730337079
  },
  "macro_analysis": {
    "market_condition": "bull_market",
    "confidence": 0.6,
    "key_indicators": {
      "rate_environment": "unknown",
      "rate_trend": "unknown",
      "growth_outlook": "unknown"
    },
    "sector_rotation": {},
    "recommendations": {
      "overweight_sectors": [],
      "underweight_sectors": [],
      "neutral_sectors": [],
      "strategy": "Momentum following - 순환적 섹터 중 선도 섹터 집중",
      "risk_level": "high"
    }
  },
  "optimal_params": {
    "sma_short": 25,
    "sma_medium": 45,
    "sma_long": 87,
    "ema_short": 17,
    "ema_long": 38,
    "adx_period": 27,
    "adx_threshold": 38,
    "supertrend_period": 8,
    "supertrend_multiplier": 2.2930804936096063,
    "rsi_period": 26,
    "rsi_overbought": 76,
    "rsi_oversold": 27,
    "macd_fast": 8,
    "macd_slow": 25,
    "macd_signal": 6,
    "stoch_k_period": 19,
    "stoch_d_period": 9,
    "cci_period": 23,
    "williams_r_period": 27,
    "bb_period": 30,
    "bb_std": 2.8655006943234644,
    "atr_period": 22,
    "keltner_period": 14,
    "keltner_multiplier": 2.287234504457713,
    "donchian_period": 30,
    "volume_ma_period": 26,
    "obv_ma_period": 20,
    "vwap_period": 10,
    "money_flow_period": 25,
    "pivot_period": 14,
    "fibonacci_levels": 5,
    "support_tolerance": 0.016841898759791047,
    "resistance_tolerance": 0.01096882197973983,
    "trend_weight": 0.36348814316294004,
    "momentum_weight": 0.1119617008516578,
    "volatility_weight": 0.25961287203279304,
    "macro_weight": 0.29950542012444614,
    "volume_weight": 0.1483919678358471,
    "support_resistance_weight": 0.14908429792441522,
    "base_position": 0.6078936492896713,
    "volatile_reduction": 0.4650425697034443,
    "trending_boost": 1.3513989775916169,
    "momentum_boost": 1.1652318864956765,
    "volume_boost": 1.1241989081155128,
    "stop_atr_multiplier": 2.0806130629611546,
    "stop_fixed_percentage": 0.05471227310696388,
    "profit_atr_multiplier": 3.1146875298267753,
    "profit_fixed_percentage": 0.13061242251937946,
    "trailing_stop_percentage": 0.010555042849575723,
    "max_position_size": 0.8033866566615492,
    "max_drawdown_limit": 0.0975081997089817,
    "entry_confirmation_periods": 3,
    "exit_confirmation_periods": 1,
    "trend_confirmation_periods": 3,
    "volume_confirmation_threshold": 1.6732935757528065,
    "momentum_confirmation_threshold": 0.8259342691764253
  },
  "optimization_performance": {
    "total_return": 0.25065737321128423,
    "log_return": 0.22366931164704804,
    "buy_hold_return": 0.09050241794625169,
    "buy_hold_log_return": 0.08663852393930008,
    "excess_return": 0.16015495526503254,
    "sharpe_ratio": 1.8304526657775424,
    "sortino_ratio": 2.089571982117593,
    "calmar_ratio": 1.4939233429225356,
    "max_drawdown": -0.16778462857466814,
    "win_rate": 0.594059405940594,
    "avg_win": 0.010171751908558214,
    "avg_loss": -0.00910945408851688,
    "profit_factor": 1.6749223075914785,
    "max_consecutive_wins": 9,
    "max_consecutive_losses": 4,
    "win_rate_weighted_return": 0.002344727691923769,
    "trade_frequency": 0.9900990099009901,
    "total_trades": "100"
  },
  "validation_results": {
    "data_quality": {
      "spy_data_points": 501,
      "macro_indicators": 12,
      "data_completeness": 0.95
    },
    "regime_consistency": {
      "confidence_threshold_met": "True",
      "probability_sum": 1.0
    }
  },
  "rlmf_analysis": {},
  "confidence_analysis": {},
  "regime_detection": {},
  "llm_insights": {},
  "llm_api_insights": {},
  "final_confidence": {
    "final_confidence": 0.6067415730337079
  },
  "enhanced_recommendations": {
    "primary_strategy": "BULLISH",
    "risk_management": {},
    "sector_rotation": [],
    "position_sizing": "AGGRESSIVE",
    "time_horizon": "MEDIUM",
    "key_considerations": []
  }
}