{
  "train": {
    "total_return": 0.11365013570248639,
    "cumulative_return": 0.11365013570248639,
    "sharpe_ratio": 3.417034959840529,
    "sortino_ratio": 4.603966583578909,
    "max_drawdown": 0.013145817730289968,
    "volatility": 0.04965148017765326,
    "beta": 1.0,
    "total_trades": 79,
    "returns": [
      0.0,
      0.0,
      0.0,
      0.0,
      0.0,
      0.0,
      0.0,
      0.0,
      0.0,
      0.0,
      0.0,
      0.0,
      0.0,
      0.00010227647761251165,
      2.9631829564010553e-19,
      0.0,
      0.0,
      0.0,
      0.0,
      0.011475365762458806,
      0.00015161624565411742,
      0.0,
      0.0,
      0.0,
      0.0,
      0.005036038743819317,
      0.0,
      0.00036852895804996496,
      0.0,
      0.0,
      0.005229754209924519,
      0.0024425632339838484,
      0.0,
      0.0,
      -6.591031762157064e-05,
      0.0005236523245620566,
      0.0,
      0.0,
      0.00036306403301226276,
      0.0,
      -0.0018058069396341588,
      4.8000591219606575e-19,
      0.0,
      0.0,
      0.0,
      2.1485524133738506e-21,
      0.0,
      0.0,
      0.0,
      0.0003488614507178417,
      0.00036248100156822027,
      0.002240426304545671,
      0.0,
      0.0029384600881638754,
      -0.0004213922349383513,
      0.0,
      0.010805861784855497,
      0.010125868706779069,
      0.0,
      0.0,
      0.0010208981783161773,
      0.0,
      0.0,
      0.0,
      0.0,
      0.0,
      0.0014640036023898456,
      0.002475261082451945,
      0.0,
      0.012789810736818393,
      6.144953046497339e-20,
      0.0,
      0.0,
      0.0010304284499263207,
      0.0,
      -0.0013454543349916536,
      0.0,
      0.0,
      0.003460948656200451,
      0.0,
      0.002111763794845651,
      0.0,
      -0.002275330834071206,
      0.0,
      -0.0072528374550162675,
      0.0,
      0.0011171970252306887,
      1.868883821012952e-19,
      0.0,
      -0.0016315981144228331,
      0.0,
      0.004050233381106871,
      0.0015724863313001417,
      0.0,
      0.0,
      -5.079175989216542e-05,
      0.0009379518896385687,
      0.0,
      0.0,
      0.0040703597940951915,
      0.0014253977203834791,
      0.0,
      0.0,
      0.003567585619261476,
      0.0,
      0.0005417714139974184,
      0.0,
      0.0,
      -0.0001505365432551485,
      0.0,
      0.0,
      0.00048103164718637256,
      0.0,
      0.0,
      0.007480849912856128,
      0.0,
      -0.000617350936090627,
      0.02145740519766761,
      0.0,
      0.007461027097357639,
      0.0,
      0.0,
      0.0008065225949895263,
      0.0,
      -0.00018123404128347393,
      0.0,
      -0.003949342552451788,
      0.0,
      0.0,
      0.0,
      0.0,
      0.0,
      0.009485969376927464,
      0.0,
      -0.00293749127903624,
      0.0003883017272527571,
      -0.004056460998331855,
      0.0,
      -1.6384059374898134e-19,
      0.0,
      0.0,
      0.0,
      0.0,
      -0.0065928613149445195
    ]
  },
  "test": {
    "total_return": 0.054751744724627294,
    "cumulative_return": 0.054751744724627294,
    "sharpe_ratio": 1.7466253934334455,
    "sortino_ratio": 1.1952402071273365,
    "max_drawdown": 0.02695128086719989,
    "volatility": 0.06837146726730726,
    "beta": 1.0,
    "total_trades": 58,
    "returns": [
      0.0,
      0.0,
      0.0,
      -2.720923783453072e-19,
      -0.00018844418578338384,
      0.0,
      0.0,
      0.0,
      0.0,
      0.0,
      0.0,
      0.0,
      -0.003229523085792986,
      0.0,
      0.0,
      0.0,
      0.0,
      -2.1274996342949683e-19,
      0.0,
      0.0,
      0.0,
      -0.0011310494574717192,
      0.0,
      0.0033808775605087596,
      0.0,
      -0.000579730013349077,
      0.0,
      -0.0007024876740753335,
      0.0,
      0.0,
      0.0,
      0.0,
      0.0018372716957522804,
      0.0,
      0.011572611285251973,
      0.0,
      0.002254479154750203,
      -5.52738916586576e-20,
      0.0,
      0.0,
      0.0,
      0.0,
      0.0,
      0.0010200696032737608,
      0.011795194953179083,
      -0.00025235286716234514,
      5.848308681594919e-21,
      -0.026311986061438693,
      -0.00040431964311342226,
      0.0,
      0.00041683919456107744,
      0.0,
      0.0,
      0.0,
      -0.00018288100268097466,
      0.00041065985207833927,
      1.1523455927549142e-18,
      0.0015599632154673904,
      0.0,
      0.0,
      0.0,
      0.0,
      0.0,
      0.0016878442328318367,
      0.002881459724307617,
      0.0,
      0.002860527838279562,
      0.02708462267792094,
      -0.00021572467759593448,
      0.001061161712737257,
      -5.3895880483073163e-20,
      0.0,
      0.0020022617222077207,
      0.0,
      5.5008301370160136e-05,
      0.0,
      0.0,
      0.0022731835431409296,
      0.0,
      0.00015764664533978576,
      0.0032521987881052048,
      0.0,
      0.0,
      0.0,
      0.000511045927835189,
      0.0012735798633856253,
      0.0,
      0.0,
      0.00590786486252762,
      0.0,
      0.0,
      0.0010453570152441363,
      0.0035334996558206073,
      0.0,
      0.0,
      -0.0008194497015273343,
      -9.84825273432847e-21,
      -0.0015986480776815548
    ]
  },
  "buy_hold_train": {
    "total_return": 0.04299732812549939,
    "cumulative_return": 0.04299732812549939,
    "sharpe_ratio": 0.5175968501095146,
    "sortino_ratio": 0.7106835093020311,
    "max_drawdown": 0.09997998685695171,
    "volatility": 0.13551284030533975,
    "beta": 1.0,
    "total_trades": 0,