{
  "train": {
    "total_return": 0.10086790448543104,
    "cumulative_return": 0.10086790448543104,
    "sharpe_ratio": 2.132394789675808,
    "sortino_ratio": 1.588835501937173,
    "max_drawdown": 0.022303442784100007,
    "volatility": 0.08621538054957643,
    "beta": 1.0,
    "total_trades": 40,
    "returns": [
      0.0,
      0.0,
      -0.004675763034907694,
      0.0,
      0.0,
      0.0,
      0.0,
      0.0,
      0.0,
      0.0,
      0.0,
      0.0,
      0.0,
      0.0,
      0.0,
      0.0,
      0.0,
      0.0,
      0.0,
      0.0,
      0.0,
      0.0,
      0.0,
      0.0,
      0.0,
      0.0,
      0.0,
      0.007396881699332333,
      0.0,
      0.0,
      0.005929185336028925,
      0.0,
      0.0,
      0.0,
      0.0,
      0.0,
      0.0,
      0.0,
      0.0,
      0.0,
      0.0012890389179644208,
      -0.0008229549416106136,
      0.0,
      0.0,
      0.0,
      0.014496054509034819,
      0.0,
      -0.022303442784100024,
      0.0,
      0.0015265120817179395,
      0.0028603681720410588,
      0.0,
      0.0,
      0.0,
      0.0,
      0.0,
      0.0,
      0.0,
      0.0019360934967203812,
      -0.001641200994254198,
      0.0,
      0.0,
      0.006274931342713831,
      0.0,
      0.0,
      0.0,
      0.0,
      0.0,
      0.0011736933550205383,
      0.0,
      0.0,
      0.0,
      0.0,
      -0.0008388473433193185,
      0.0,
      0.0,
      0.025856085392824604,
      0.0,
      0.0,
      0.04353765381113667,
      0.0032341799211026132,
      0.0,
      0.0022131240629501363,
      0.0,
      0.0,
      0.0,
      0.0,
      0.0,
      0.0,
      0.0,
      0.000410669541418188,
      0.0,
      0.010445972725675086,
      0.0,
      0.0042317885162672896,
      0.0,
      0.0,
      0.0010593315170031954,
      -0.004202609994397046,
      0.0,
      0.0005843068476508973,
      0.0,
      0.0,
      0.0,
      0.0,
      0.0,
      0.0,
      -0.003437873830745396,
      0.0,
      0.0008425068506986211,
      0.0,
      0.0,
      0.0,
      0.0,
      0.0,
      0.0,
      0.0,
      0.0,
      0.0006282858423869448,
      0.0,
      -0.00012590505947368376
    ]
  },
  "test": {
    "total_return": 0.09490808951752516,
    "cumulative_return": 0.09490808951752516,
    "sharpe_ratio": 1.1772573399516864,
    "sortino_ratio": 0.6977676944476339,
    "max_drawdown": 0.08756421474636056,
    "volatility": 0.1489193787917549,
    "beta": 1.0,
    "total_trades": 39,
    "returns": [
      0.0,
      0.0,
      0.0,
      0.0,
      0.0,
      0.0,
      0.0,
      0.0016815340654387338,
      0.0,
      0.0,
      0.0,
      0.0,
      0.0,
      0.0,
      0.0,
      0.0,
      0.0,
      0.0,
      0.0,
      0.0,
      0.0,
      0.009518879066147685,
      0.0006858674328795309,
      0.0,
      0.0,
      0.0,
      0.0,
      0.0,
      0.0,
      0.0,
      -0.0015412143444966597,
      0.0,
      0.0,
      -0.003496637571331097,
      0.0,
      0.0,
      0.0,
      0.0,
      0.0023611081963716874,
      0.0,
      0.0008993058335566868,
      0.0,
      0.0,
      0.0,
      0.0,
      0.0,
      0.0004534756835978265,
      -0.0033074024626519,
      0.0,
      -0.0010939658216259965,
      0.0,
      0.0,
      -0.004486948159502851,
      0.0,
      0.0,
      0.0,
      0.0,
      0.0,
      -0.0014407140265173804,
      0.0,
      0.0,
      0.0,
      0.0,
      0.0,
      0.0,
      0.024330829036435162,
      -0.036375232308791125,
      0.0,
      -0.05290514610427448,
      0.0028067162539715793,
      -0.00302643062086114,
      0.020295448260815512,
      0.0,
      0.006898959559072704,
      0.005101791170665223,
      -0.01354058758987358,
      0.021151553967966443,
      0.0,
      0.0,
      0.0,
      0.0,
      0.0,
      0.0,
      0.0,
      0.0,
      0.0,
      0.0,
      0.0,
      0.0,
      0.0,
      0.0009602144849814401,
      0.0,
      0.0,
      0.0,
      0.0,
      -0.00325576944458276,
      0.0,
      0.0,
      0.0,
      0.0,
      0.005080904166492693,
      -5.6686628996514405e-05,
      0.0002885486606045445,
      0.0,
      0.04973201193959922,
      0.02257866143057863,
      0.0,
      0.0,
      0.0,
      0.001628128699393275,
      0.0,
      0.0,
      0.0,
      0.0007599359274023999,
      0.0006525252433815074,
      0.0,
      0.0,
      -0.0003199679356344251,
      0.04333375261919217,
      0.0,
      0.0,
      0.0,
      0.0,
      -0.00024536321824905686
    ]
  },
  "buy_hold_train": {
    "total_return": 0.17748311454309879,
    "cumulative_return": 0.17748311454309879,
    "sharpe_ratio": 1.1069034428651294,
    "sortino_ratio": 1.6956231144936211,
    "max_drawdown": 0.18951685819093483,
    "volatility": 0.4079154531722951,
    "beta": 1.0,
    "total_trades": 0,