{
  "META": 0.1538530030548284,
  "NFLX": 0.17146369866544978,
  "QQQ": 0.1774946636251326,
  "SPY": 0.25,
  "MSFT": 0.19718863465458913
}