{
  "train": {
    "total_return": 0.08161451427142064,
    "cumulative_return": 0.08161451427142064,
    "sharpe_ratio": 2.621579247299511,
    "sortino_ratio": 2.7424112875961018,
    "max_drawdown": 0.013248575507290123,
    "volatility": 0.04705845027850767,
    "beta": 1.0,
    "total_trades": 72,
    "returns": [
      0.0,
      0.0,
      0.0,
      0.0,
      0.0,
      0.0,
      0.0,
      0.0,
      0.0,
      0.0,
      0.0,
      0.0,
      0.0,
      0.00010228168676186655,
      2.963161340161305e-19,
      0.0,
      0.0,
      0.0,
      0.0,
      0.011475365702688024,
      0.00015161235495020657,
      0.0,
      0.0,
      0.0,
      0.0,
      0.0,
      0.0,
      8.616180340050411e-20,
      0.0,
      -0.0010868868803562976,
      0.0029804826687792503,
      0.0024639389238833883,
      0.0,
      0.0,
      -6.648288163183457e-05,
      -0.001294252432902236,
      0.0,
      0.0,
      0.0022549876251263417,
      0.0,
      -0.0018214704930175137,
      4.841693016395832e-19,
      0.0,
      0.0,
      0.0,
      2.1672009894985507e-21,
      0.0,
      0.0,
      0.0,
      0.00035188777669710415,
      0.00036564520577326426,
      0.0022598646610681576,
      0.0,
      0.0,
      -0.0004262857957312526,
      0.0,
      0.009413951550867864,
      0.0,
      0.0,
      0.0,
      0.0010446576988086744,
      0.0,
      0.0,
      -0.001340098436402146,
      0.0,
      0.0,
      0.001500040699319073,
      0.0,
      0.0,
      0.00416588918888868,
      6.365829826205488e-20,
      0.0,
      0.0,
      0.000425387757425024,
      0.0,
      -0.001394657184496469,
      0.0,
      0.0,
      0.006070134961315165,
      0.0,
      1.5742159090851365e-18,
      0.0,
      0.005614147061226665,
      0.0,
      0.01129975207039762,
      0.0,
      0.001127391064228781,
      1.8859265705856408e-19,
      -0.008848408024626596,
      -0.0016611782769622844,
      0.0,
      -0.0019090858000449123,
      0.001610591484411552,
      0.0,
      0.0,
      -5.202355761786187e-05,
      0.0,
      0.0011888602394532325,
      0.0,
      0.004167827891318739,
      0.0,
      0.0,
      0.0020363599625773695,
      0.0,
      0.0,
      0.0005563236543431652,
      0.0,
      0.0,
      -0.00015458071328484105,
      0.0,
      0.0,
      0.0004939516476772092,
      0.0,
      0.0,
      0.0,
      0.005770992575213357,
      0.0,
      0.003034313404151071,
      0.0,
      0.02021094058609135,
      0.0,
      0.0,
      0.00083374240081287,
      0.0,
      -0.00018735562654151032,
      0.0,
      -0.004082569255896076,
      0.0,
      0.0028561176838771594,
      0.0,
      0.0006172145208973586,
      0.0,
      0.009773333244095937,
      0.0,
      0.0004737739365782846,
      -0.009083054399350447,
      -0.004203703576201013,
      0.0,
      -1.6981260055344517e-19
    ]
  },
  "test": {
    "total_return": 0.1275435638371638,
    "cumulative_return": 0.1275435638371638,
    "sharpe_ratio": 3.087332103217489,
    "sortino_ratio": 7.765404549663054,
    "max_drawdown": 0.01015388880996726,
    "volatility": 0.0939412743214089,
    "beta": 1.0,
    "total_trades": 59,
    "returns": [
      0.0,
      0.0,
      0.0,
      -2.7209039486514116e-19,
      -0.00018845378362965037,
      0.0,
      0.0,
      0.0,
      0.0,
      0.0,
      0.0,
      0.0,
      -0.0032295388415627666,
      0.0,
      0.0,
      0.0,
      0.0,
      -2.1274841794474322e-19,
      0.0,
      0.0,
      0.0,
      -0.001131042529757758,
      0.0012802202332129154,
      0.0030318147068281835,
      0.0,
      -0.0064927856052366855,
      0.0,
      -0.003437623785475698,
      0.0,
      0.0,
      0.0,
      0.0,
      0.0018515423227037984,
      0.0,
      2.0222628653233855e-19,
      0.0,
      0.017644850579957367,
      -5.549514928306171e-20,
      0.0,
      0.0,
      0.0,
      0.0,
      0.0,
      0.0010241479684196997,
      0.01087599104806553,
      -0.0002535911576187686,
      5.877041635650062e-21,
      0.0,
      -0.000395613466010197,
      0.0,
      0.0004078598827894663,
      0.0,
      0.0,
      0.0,
      0.003190234176139287,
      0.0,
      0.00022694961665593354,
      0.0,
      0.0,
      0.0,
      0.0011821389233853399,
      0.0,
      0.0,
      0.001646871061396974,
      -0.0009957428762859411,
      0.0,
      0.0,
      0.026606836927220275,
      0.0,
      0.0010427556205076577,
      0.0,
      0.0,
      0.0013361563916812818,
      0.0,
      0.04194937156080005,
      0.0,
      0.0,
      -0.00011272551471594055,
      0.022155198077560036,
      0.00014589929724063397,
      0.0030099130395977985,
      0.0,
      -0.0003939885912369319,
      0.0,
      0.0,
      0.0011800425699815497,
      0.0,
      0.0,
      0.005159641451011832,
      0.0,
      0.0,
      0.0007476215706711824,
      -0.00013203718555189684,
      0.0,
      0.0,
      0.00034977821524612986,
      -9.15813395519747e-21,
      -1.7444753073365738e-19,
      -0.007486012178058165
    ]
  },
  "buy_hold_train": {
    "total_return": 0.0429974140142166,
    "cumulative_return": 0.0429974140142166,
    "sharpe_ratio": 0.5175977867267363,
    "sortino_ratio": 0.7106850222404508,
    "max_drawdown": 0.09997996370261318,
    "volatility": 0.13551285313332687,
    "beta": 1.0,
    "total_trades": 0,