{
  "sma_short": 15,
  "sma_medium": 49,
  "sma_long": 117,
  "ema_short": 16,
  "ema_long": 20,
  "adx_period": 23,
  "adx_threshold": 21,
  "supertrend_period": 10,
  "supertrend_multiplier": 3.2746742664847157,
  "rsi_period": 20,
  "rsi_overbought": 83,
  "rsi_oversold": 20,
  "macd_fast": 14,
  "macd_slow": 24,
  "macd_signal": 15,
  "stoch_k_period": 13,
  "stoch_d_period": 6,
  "cci_period": 25,
  "williams_r_period": 19,
  "bb_period": 19,
  "bb_std": 2.474738610246181,
  "atr_period": 22,
  "keltner_period": 14,
  "keltner_multiplier": 2.622203241891106,
  "donchian_period": 20,
  "volume_ma_period": 23,
  "obv_ma_period": 28,
  "vwap_period": 15,
  "money_flow_period": 16,
  "pivot_period": 14,
  "fibonacci_levels": 8,
  "support_tolerance": 0.012896110756200615,
  "resistance_tolerance": 0.019080498872583087,
  "trend_weight": 0.5110789953024472,
  "momentum_weight": 0.1022808999744347,
  "volatility_weight": 0.22333776362546762,
  "macro_weight": 0.103939406248161,
  "volume_weight": 0.10717492559597606,
  "support_resistance_weight": 0.09053841461193031,
  "base_position": 0.5912978169222882,
  "volatile_reduction": 0.5848537302175202,
  "trending_boost": 1.483356205899875,
  "momentum_boost": 1.295012339538022,
  "volume_boost": 1.1322475286643157,
  "stop_atr_multiplier": 2.599606030105359,
  "stop_fixed_percentage": 0.04067176374754043,
  "profit_atr_multiplier": 4.5955604769127785,
  "profit_fixed_percentage": 0.11888471134875328,
  "trailing_stop_percentage": 0.010920305808703092,
  "max_position_size": 1.3423455931150798,
  "max_drawdown_limit": 0.07939011246629102,
  "entry_confirmation_periods": 2,
  "exit_confirmation_periods": 2,
  "trend_confirmation_periods": 3,
  "volume_confirmation_threshold": 1.3325736814382254,
  "momentum_confirmation_threshold": 0.7271667700913644
}