{
  "SPY": 0.25,
  "MSFT": 0.25,
  "TSLA": 0.01,
  "META": 0.2163979357377452,
  "UNH": 0.22360206426225476
}