{
  "train": {
    "total_return": 0.20692524910979504,
    "cumulative_return": 0.20692524910979504,
    "sharpe_ratio": 2.03692206203372,
    "sortino_ratio": 4.747962846536764,
    "max_drawdown": 0.021202349887875952,
    "volatility": 0.16648028363492484,
    "beta": 1.0,
    "total_trades": 43,
    "returns": [
      0.0,
      0.0,
      0.0,
      0.0,
      0.0,
      0.0,
      0.0,
      0.0,
      0.0,
      0.0,
      0.0,
      0.0,
      0.0,
      0.0045091593425774755,
      0.0,
      0.0,
      0.0,
      0.0,
      0.0,
      0.007616633305575132,
      0.0,
      0.0,
      0.0,
      0.0,
      0.001712392555177575,
      0.0,
      0.0,
      0.000494739960215684,
      0.0,
      0.0,
      0.0,
      0.01002943162903087,
      0.0,
      0.0,
      0.001337200885900728,
      0.0,
      0.0,
      0.0010384318010628337,
      0.0004852798351333771,
      0.0,
      0.0,
      0.0,
      0.0,
      0.0,
      0.0,
      0.0,
      0.0,
      0.0020792711269350685,
      0.0,
      0.0,
      0.01589912551946077,
      0.0,
      0.0,
      0.0,
      0.0,
      0.002735122657402246,
      0.006089993200565011,
      0.0,
      0.0023813582353730415,
      0.0,
      0.0,
      0.0,
      0.0,
      0.001388707139038787,
      0.0,
      0.0,
      0.0010605121126879978,
      0.0,
      0.0,
      0.11428186903672699,
      0.0,
      -0.0040605671457974194,
      0.0,
      0.0,
      0.0,
      0.0,
      0.0,
      0.0,
      0.009372035969319287,
      0.0,
      0.0,
      0.0,
      -0.001371454071525117,
      0.005752134303426047,
      -0.008733929566425963,
      0.0,
      0.0,
      0.0,
      0.0,
      0.0,
      0.0,
      0.0031746008726896567,
      0.0,
      0.02177292923176,
      0.0,
      -0.001978309621466127,
      -0.0008088820874220854,
      0.0,
      0.0,
      0.0,
      0.0,
      -0.012264266423748749,
      0.0,
      0.004310679655617015,
      0.0,
      0.0,
      0.0,
      0.0,
      0.0,
      0.0,
      0.0,
      0.0,
      0.0004600143380934253,
      0.0,
      0.007886682053832214,
      0.0,
      0.0,
      -0.003769720078418392,
      0.0,
      0.009230918038646193,
      0.0,
      0.0,
      -0.008506618326052484,
      0.0005855122863376786,
      0.0,
      0.0,
      0.0,
      0.0,
      0.0,
      0.0,
      0.0,
      0.0,
      0.0,
      -0.013382332648362099,
      0.019232010099144898,
      0.0,
      -0.004811662523080928
    ]
  },
  "test": {
    "total_return": 0.07353975291141857,
    "cumulative_return": 0.07353975291141857,
    "sharpe_ratio": 1.232122907160478,
    "sortino_ratio": 1.011444993872618,
    "max_drawdown": 0.040529675751488914,
    "volatility": 0.14134894013175356,
    "beta": 1.0,
    "total_trades": 32,
    "returns": [
      0.0,
      0.0,
      0.0,
      0.0,
      -0.008308093562209668,
      0.0,
      0.0,
      0.0,
      0.0,
      0.0,
      0.0,
      0.0,
      -0.01568626226333723,
      0.0,
      0.0,
      0.0,
      0.0,
      0.0,
      0.0,
      0.0,
      0.0,
      -0.0149038040490122,
      -0.0010865590687638186,
      0.0,
      -0.0011167451118599576,
      0.0,
      0.0,
      0.0,
      0.0015331653671690096,
      0.0,
      0.0,
      0.0,
      0.0,
      0.0,
      0.01160195879610562,
      0.0,
      0.0,
      0.01645081577277013,
      0.0,
      0.0,
      0.0,
      0.0,
      0.0,
      0.0,
      0.0,
      0.04959783399376367,
      0.0,
      -0.03484310812468907,
      0.0010104730331078,
      0.0,
      0.0,
      0.0,
      0.0,
      0.0,
      0.003768863042055138,
      0.007036287554599479,
      0.0,
      0.002060090529041671,
      0.0,
      0.0,
      0.0,
      0.004598433931300815,
      0.0,
      0.00020452635606096553,
      0.0,
      0.0,
      0.0,
      0.018238471564490048,
      -0.00028797376433692645,
      0.047738999272272445,
      0.0,
      0.0,
      0.0008194930115893618,
      0.0,
      0.0,
      -0.01634575668112717,
      0.0,
      -0.0020582810644997045,
      0.0,
      0.0,
      0.002107689916722082,
      0.0,
      0.0,
      0.0,
      0.0006672543252131775,
      0.0,
      0.0,
      0.0,
      0.0,
      0.0067200685385332025,
      0.0,
      0.0,
      -0.004855376014304027,
      0.0,
      0.0,
      0.0,
      7.344304379473992e-05
    ]
  },
  "buy_hold_train": {
    "total_return": 0.07026490659477043,
    "cumulative_return": 0.07026490659477043,
    "sharpe_ratio": 0.6740940076191314,
    "sortino_ratio": 0.9840679695654162,
    "max_drawdown": 0.18591535278304594,
    "volatility": 0.22646946120004224,
    "beta": 1.0,
    "total_trades": 0,