{
  "sma_short": 7,
  "sma_medium": 25,
  "sma_long": 89,
  "ema_short": 5,
  "ema_long": 39,
  "adx_period": 20,
  "adx_threshold": 36,
  "supertrend_period": 8,
  "supertrend_multiplier": 2.511627951646777,
  "rsi_period": 22,
  "rsi_overbought": 75,
  "rsi_oversold": 23,
  "macd_fast": 12,
  "macd_slow": 24,
  "macd_signal": 15,
  "stoch_k_period": 14,
  "stoch_d_period": 6,
  "cci_period": 15,
  "williams_r_period": 13,
  "bb_period": 18,
  "bb_std": 1.8405593038641492,
  "atr_period": 10,
  "keltner_period": 26,
  "keltner_multiplier": 1.6503592938825662,
  "donchian_period": 29,
  "volume_ma_period": 16,
  "obv_ma_period": 12,
  "vwap_period": 29,
  "money_flow_period": 24,
  "pivot_period": 8,
  "fibonacci_levels": 5,
  "support_tolerance": 0.014019562559089843,
  "resistance_tolerance": 0.01631277572861666,
  "trend_weight": 0.4046865383441591,
  "momentum_weight": 0.15253428963219595,
  "volatility_weight": 0.399750813565563,
  "macro_weight": 0.11395389653034915,
  "volume_weight": 0.19723807081901476,
  "support_resistance_weight": 0.12646763277640868,
  "base_position": 0.5543829510375623,
  "volatile_reduction": 0.42904997487466334,
  "trending_boost": 1.3501260169485994,
  "momentum_boost": 1.1172099659289914,
  "volume_boost": 1.0371181825680154,
  "stop_atr_multiplier": 1.5529147589423193,
  "stop_fixed_percentage": 0.03793879015284555,
  "profit_atr_multiplier": 3.128184836553168,
  "profit_fixed_percentage": 0.06424982964681894,
  "trailing_stop_percentage": 0.033521065444184914,
  "max_position_size": 1.2785195917742624,
  "max_drawdown_limit": 0.05066950462358555,
  "entry_confirmation_periods": 1,
  "exit_confirmation_periods": 1,
  "trend_confirmation_periods": 4,
  "volume_confirmation_threshold": 1.4527156071604772,
  "momentum_confirmation_threshold": 0.899629747975988
}