{
  "session_uuid": "852f5c65-3c96-4281-9143-a933860507f3",
  "train_performance": 0.6769819550124689,
  "test_performance": {
    "total_return": 0.11135197901863503,
    "log_return": 0.10557727328096679,
    "buy_hold_return": 0.06389130260116982,
    "buy_hold_log_return": 0.061933226491418324,
    "excess_return": 0.04746067641746521,
    "sharpe_ratio": 0.9360078039758896,
    "max_drawdown": -0.18035213330831926,
    "win_rate": 0.57
  },
  "optimization_objective": "total_return",
  "created_at": "2025-07-22T15:03:11.925684"
}