{
  "session_uuid": "0407f9a6-84fd-4b30-98be-c6621700be20",
  "best_params": {
    "sma_short": 16,
    "sma_medium": 54,
    "sma_long": 159,
    "ema_short": 7,
    "ema_long": 32,
    "rsi_period": 17,
    "rsi_overbought": 78,
    "rsi_oversold": 16,
    "macd_fast": 9,
    "macd_slow": 30,
    "macd_signal": 9,
    "bb_period": 27,
    "bb_std": 1.9409772048875826,
    "atr_period": 24,
    "volume_ma_period": 26,
    "trend_weight": 0.3163765446226091,
    "momentum_weight": 0.10291016949081923,
    "volatility_weight": 0.34720819780305745,
    "macro_weight": 0.18139758501198253,
    "base_position": 0.6425875529489988,
    "volatile_reduction": 0.6671205498583294,
    "trending_boost": 1.4804588565718335,
    "stop_atr_multiplier": 2.5209011632906138,
    "stop_fixed_percentage": 0.07505758131902317,
    "profit_atr_multiplier": 2.3436976053554455,
    "profit_fixed_percentage": 0.08373586002300745
  },
  "best_value": -0.0016277255180390249,
  "n_trials": 3,
  "created_at": "2025-07-22T13:45:42.309754"
}