{
  "session_uuid": "0407f9a6-84fd-4b30-98be-c6621700be20",
  "train_performance": -0.0016277255180390249,
  "test_performance": {
    "total_return": -0.009090079099300374,
    "log_return": -0.009131645957412688,
    "buy_hold_return": 0.11603867764530329,
    "buy_hold_log_return": 0.10978552074683039,
    "excess_return": -0.12512875674460366,
    "sharpe_ratio": -4.252256080533623,
    "max_drawdown": -0.009090079099300374,
    "win_rate": 0.0
  },
  "optimization_objective": "total_return",
  "created_at": "2025-07-22T13:45:42.309312"
}