{
  "sma_short": 7,
  "sma_medium": 54,
  "sma_long": 91,
  "ema_short": 17,
  "ema_long": 43,
  "adx_period": 23,
  "adx_threshold": 38,
  "supertrend_period": 12,
  "supertrend_multiplier": 2.422640792290312,
  "rsi_period": 19,
  "rsi_overbought": 83,
  "rsi_oversold": 34,
  "macd_fast": 15,
  "macd_slow": 29,
  "macd_signal": 5,
  "stoch_k_period": 20,
  "stoch_d_period": 3,
  "cci_period": 28,
  "williams_r_period": 15,
  "bb_period": 15,
  "bb_std": 1.5264848422313948,
  "atr_period": 27,
  "keltner_period": 30,
  "keltner_multiplier": 2.484195726994321,
  "donchian_period": 16,
  "volume_ma_period": 11,
  "obv_ma_period": 24,
  "vwap_period": 15,
  "money_flow_period": 18,
  "pivot_period": 12,
  "fibonacci_levels": 8,
  "support_tolerance": 0.008995103252704343,
  "resistance_tolerance": 0.017410228373145865,
  "trend_weight": 0.37587180504311557,
  "momentum_weight": 0.2325777206820603,
  "volatility_weight": 0.2878752887625788,
  "macro_weight": 0.2664838888434882,
  "volume_weight": 0.15013177938391714,
  "support_resistance_weight": 0.07422539706569507,
  "base_position": 0.7849822685514822,
  "volatile_reduction": 0.5896001193110825,
  "trending_boost": 1.4927367279993902,
  "momentum_boost": 1.0515002469625836,
  "volume_boost": 1.1477971754432952,
  "stop_atr_multiplier": 2.9521498389086474,
  "stop_fixed_percentage": 0.047199073923496045,
  "profit_atr_multiplier": 2.6471099738189627,
  "profit_fixed_percentage": 0.10283769655115517,
  "trailing_stop_percentage": 0.014216588629113212,
  "max_position_size": 1.1128393913124972,
  "max_drawdown_limit": 0.09514740434811154,
  "entry_confirmation_periods": 2,
  "exit_confirmation_periods": 3,
  "trend_confirmation_periods": 3,
  "volume_confirmation_threshold": 1.4878171388860464,
  "momentum_confirmation_threshold": 0.8728264971502344
}