{
  "session_uuid": "31be5f12-75a5-497b-a7ac-24c779cd2e71",
  "train_performance": 0.5862510355997879,
  "test_performance": {
    "total_return": 0.04102499722121555,
    "log_return": 0.0402058020450268,
    "buy_hold_return": 0.06389130260116982,
    "buy_hold_log_return": 0.061933226491418324,
    "excess_return": -0.022866305379954266,
    "sharpe_ratio": 0.45319857979451605,
    "sortino_ratio": 0.5174625842245122,
    "calmar_ratio": 0.19263835659370232,
    "max_drawdown": -0.21296380402446152,
    "win_rate": 0.58,
    "avg_win": 0.009398006497467288,
    "avg_loss": -0.011651454627529834,
    "profit_factor": 1.1410370055807113,
    "max_consecutive_wins": 9,
    "max_consecutive_losses": 4,
    "win_rate_weighted_return": 0.0005572328249684958,
    "trade_frequency": 0.99,
    "total_trades": 