{
  "SPY": 0.25,
  "MSFT": 0.25,
  "TSLA": 0.01,
  "META": 0.21639759942481124,
  "UNH": 0.22360240057518874
}