{
  "sma_short": 23,
  "sma_medium": 36,
  "sma_long": 198,
  "ema_short": 17,
  "ema_long": 43,
  "adx_period": 30,
  "adx_threshold": 29,
  "supertrend_period": 10,
  "supertrend_multiplier": 2.851151882187071,
  "rsi_period": 19,
  "rsi_overbought": 79,
  "rsi_oversold": 34,
  "macd_fast": 11,
  "macd_slow": 20,
  "macd_signal": 12,
  "stoch_k_period": 16,
  "stoch_d_period": 10,
  "cci_period": 12,
  "williams_r_period": 17,
  "bb_period": 30,
  "bb_std": 1.902967063276073,
  "atr_period": 20,
  "keltner_period": 22,
  "keltner_multiplier": 2.6474881250992404,
  "donchian_period": 30,
  "volume_ma_period": 17,
  "obv_ma_period": 14,
  "vwap_period": 21,
  "money_flow_period": 14,
  "pivot_period": 18,
  "fibonacci_levels": 3,
  "support_tolerance": 0.01509646912428212,
  "resistance_tolerance": 0.016332841946540923,
  "trend_weight": 0.5876470933517988,
  "momentum_weight": 0.32272830726469537,
  "volatility_weight": 0.32055536026586234,
  "macro_weight": 0.16356805663049603,
  "volume_weight": 0.08878725450720956,
  "support_resistance_weight": 0.11788113886902252,
  "base_position": 0.6339002376985504,
  "volatile_reduction": 0.44053520083421444,
  "trending_boost": 1.4634132662054253,
  "momentum_boost": 1.214592734804163,
  "volume_boost": 1.090726634768471,
  "stop_atr_multiplier": 2.763317359040406,
  "stop_fixed_percentage": 0.04589979267312358,
  "profit_atr_multiplier": 2.9421958554842496,
  "profit_fixed_percentage": 0.05945643144780424,
  "trailing_stop_percentage": 0.03807037069321551,
  "max_position_size": 0.925076668726782,
  "max_drawdown_limit": 0.10037639820164662,
  "entry_confirmation_periods": 4,
  "exit_confirmation_periods": 1,
  "trend_confirmation_periods": 6,
  "volume_confirmation_threshold": 1.3281702378904956,
  "momentum_confirmation_threshold": 0.6799086901462568
}