{
  "session_uuid": "c3832365-d0ed-4bc8-84b3-8803e7e0f774",
  "train_performance": 0.32304222774847013,
  "test_performance": {
    "total_return": 0.06475680633441394,
    "log_return": 0.06274642222565592,
    "buy_hold_return": 0.06389130260116982,
    "buy_hold_log_return": 0.061933226491418324,
    "excess_return": 0.0008655037332441218,
    "sharpe_ratio": 0.6099632590599601,
    "sortino_ratio": 0.7061450947362695,
    "calmar_ratio": 0.3343634015523226,
    "max_drawdown": -0.1936719330936718,
    "win_rate": 0.58,
    "avg_win": 0.009480747291672977,
    "avg_loss": -0.011245327034459244,
    "profit_factor": 1.1926544075185161,
    "max_consecutive_wins": 9,
    "max_consecutive_losses": 4,
    "win_rate_weighted_return": 0.0007757960746974431,
    "trade_frequency": 0.99,
    "total_trades": 