{
  "SPY": 0.25,
  "MSFT": 0.25,
  "TSLA": 0.01,
  "META": 0.21639726730366549,
  "UNH": 0.2236027326963345
}