{
  "train": {
    "total_return": 0.18705288078551208,
    "cumulative_return": 0.18705288078551208,
    "sharpe_ratio": 3.3757883246214355,
    "sortino_ratio": 5.721268206473543,
    "max_drawdown": 0.014396050997857051,
    "volatility": 0.08468499859666351,
    "beta": 1.0,
    "total_trades": 37,
    "returns": [
      0.0,
      0.0,
      0.0,
      0.0,
      0.0,
      0.0,
      0.0,
      0.0,
      0.0,
      0.0,
      0.0,
      0.0,
      0.0,
      0.004509147054262229,
      0.0,
      0.0,
      0.0,
      0.0,
      0.0,
      0.007616657471613811,
      0.0,
      0.0,
      0.0,
      0.001639751304571247,
      0.0,
      0.0,
      0.0,
      0.000494734177906952,
      0.0,
      0.0,
      0.0,
      0.0057003183043755215,
      0.0,
      0.024358875441037466,
      0.0,
      0.0,
      0.0,
      0.0,
      0.0004769652153915094,
      0.0,
      0.0,
      0.0,
      0.0,
      0.0,
      -0.006122809367225224,
      0.0,
      0.0,
      0.0,
      0.0,
      0.0,
      0.0157551561593791,
      0.0,
      0.0,
      0.0,
      0.0,
      0.0,
      0.0,
      0.00665672369797233,
      0.0,
      0.034182383653902616,
      -0.00435905191745667,
      0.0,
      0.0,
      0.0,
      0.0,
      0.0,
      0.001026841689948748,
      0.0,
      0.0,
      0.010993691506857577,
      0.0,
      0.0,
      0.015999148999279428,
      0.0,
      0.0,
      -0.004810346656367249,
      0.0,
      0.0,
      0.004108469377982924,
      0.0,
      0.0,
      0.009921532498015483,
      0.0,
      0.0,
      -0.009178473285637031,
      0.0,
      0.0,
      0.0,
      0.0,
      0.0,
      0.010206694636607025,
      0.002530537238107364,
      0.0,
      0.0,
      0.0,
      -0.002105100825127577,
      0.0,
      0.01722415178665189,
      0.0,
      -0.008558153330153858,
      0.0,
      0.0,
      0.0,
      0.0,
      0.0,
      0.0,
      0.0,
      0.0,
      0.0,
      0.0,
      0.0,
      0.00364871548559207,
      0.0,
      0.008947397900186747,
      0.0,
      0.0,
      0.0,
      -0.007453883597228202,
      0.007850165588277905,
      0.009574749395268674,
      0.0,
      0.0018410903792521252,
      0.0,
      0.0,
      0.0,
      0.0,
      0.0,
      0.0,
      0.0,
      -0.003914590233772665,
      0.00987037711337696,
      0.0,
      0.0,
      0.0,
      0.019368241255142703,
      0.0,
      -0.002527407055237945,
      0.0,
      0.0,
      0.0,
      0.0,
      0.0,
      -0.011898716843517872
    ]
  },
  "test": {
    "total_return": 0.019774694456162978,
    "cumulative_return": 0.019774694456162978,
    "sharpe_ratio": 0.307869667693948,
    "sortino_ratio": 0.23804105308570914,
    "max_drawdown": 0.05234284652135901,
    "volatility": 0.1281134960669514,
    "beta": 1.0,
    "total_trades": 26,
    "returns": [
      0.0,
      0.0,
      0.0,
      0.0,
      -0.008308093562209668,
      0.0,
      0.0,
      0.0,
      0.0,
      0.0,
      0.0,
      0.0,
      -0.01568626226333723,
      0.0,
      0.0,
      0.0,
      0.0,
      0.0,
      0.0,
      0.0,
      0.0,
      -0.0149038040490122,
      0.0,
      0.0,
      -0.002535337063033289,
      0.0,
      0.0,
      -0.011982199495005057,
      0.0,
      0.011325244327566986,
      0.0,
      0.0,
      0.0,
      0.0,
      0.02984670456734322,
      0.0,
      0.0,
      0.0,
      0.0,
      0.0,
      0.0,
      0.0,
      0.0,
      0.0,
      0.0,
      0.0,
      0.0,
      -0.03661154446185068,
      0.0,
      0.0,
      0.0,
      0.0,
      0.0,
      0.0,
      0.0,
      0.0,
      0.0,
      0.0,
      0.0,
      0.0,
      0.0,
      0.0,
      0.0,
      0.00021930606593987978,
      0.0,
      0.0,
      0.0,
      0.019556151204984225,
      0.007798038302688795,
      0.05071168223430287,
      0.0,
      0.0,
      0.0008680595305839264,
      0.0,
      0.0,
      0.0,
      0.0,
      -0.004111476418422206,
      0.003083922720196212,
      0.0,
      0.0,
      0.0,
      0.0,
      0.002288490995594624,
      -0.004497662902577236,
      0.0,
      0.0,
      0.0,
      0.004023066012933867,
      0.0,
      0.0,
      0.0,
      -0.007873529996954677,
      0.0,
      0.0,
      -0.0005660854787829401
    ]
  },
  "buy_hold_train": {
    "total_return": 0.07026486534353453,
    "cumulative_return": 0.07026486534353453,
    "sharpe_ratio": 0.6740936151301945,
    "sortino_ratio": 0.9840682406102353,
    "max_drawdown": 0.1859153518937536,
    "volatility": 0.22646951951693617,
    "beta": 1.0,
    "total_trades": 0,