{
  "sma_short": 12,
  "sma_medium": 48,
  "sma_long": 93,
  "ema_short": 12,
  "ema_long": 43,
  "rsi_period": 19,
  "rsi_overbought": 77,
  "rsi_oversold": 20,
  "macd_fast": 13,
  "macd_slow": 23,
  "macd_signal": 5,
  "bb_period": 20,
  "bb_std": 2.4549310639226523,
  "atr_period": 28,
  "volume_ma_period": 28,
  "trend_weight": 0.5751205347064822,
  "momentum_weight": 0.21897512680901962,
  "volatility_weight": 0.31190148734262935,
  "macro_weight": 0.1943136669014861,
  "base_position": 0.7515811833185136,
  "volatile_reduction": 0.5854662516485336,
  "trending_boost": 1.498982643081651,
  "stop_atr_multiplier": 2.995240566062735,
  "stop_fixed_percentage": 0.028590177554156312,
  "profit_atr_multiplier": 3.291197043953778,
  "profit_fixed_percentage": 0.07513482928445574
}