{
  "session_uuid": "f8e56957-cc99-4919-9f7f-94341726cd08",
  "train_performance": 0.4772204473992967,
  "test_performance": {
    "total_return": 0.0840504199307115,
    "log_return": 0.08070441478697521,
    "buy_hold_return": 0.06389130260116982,
    "buy_hold_log_return": 0.061933226491418324,
    "excess_return": 0.020159117329541676,
    "sharpe_ratio": 0.7622863750143658,
    "max_drawdown": -0.13986631421118118,
    "win_rate": 0.58
  },
  "optimization_objective": "total_return",
  "created_at": "2025-07-22T14:11:14.656798"
}