{
  "train": {
    "total_return": 0.19602793346683667,
    "cumulative_return": 0.19602793346683667,
    "sharpe_ratio": 3.6533739930524973,
    "sortino_ratio": 7.677023085519178,
    "max_drawdown": 0.009140996468190644,
    "volatility": 0.08436698900435582,
    "beta": 1.0,
    "total_trades": 40,
    "returns": [
      0.0,
      0.0,
      0.0,
      0.0,
      0.0,
      0.0,
      0.0,
      0.0,
      0.0,
      0.0,
      0.0,
      0.0,
      0.0,
      0.0045091593425774755,
      0.0,
      0.0,
      0.0,
      0.0,
      0.0,
      0.007616633305575132,
      0.0,
      0.0,
      0.0,
      0.0016397304686385822,
      0.0,
      0.0,
      0.0,
      0.0004947758502035807,
      0.0,
      0.0,
      0.0,
      0.0,
      0.0,
      0.027354898269576294,
      0.0,
      0.0,
      0.0,
      0.0,
      0.0012250005961178866,
      0.0,
      0.0,
      0.0,
      0.0,
      0.0,
      -0.006135166719487145,
      0.0,
      0.0,
      0.0,
      0.0,
      0.0,
      0.019433914531641193,
      0.0,
      0.0,
      0.0,
      0.0,
      0.0,
      0.00604260825884914,
      0.0,
      0.0,
      0.034149028825500714,
      -0.005549158545118101,
      0.0,
      0.0,
      0.0064760700096881604,
      0.0,
      0.0,
      0.0010204917298005224,
      0.0,
      0.0,
      0.010925795816244395,
      0.0,
      0.005504329080269106,
      0.0,
      0.0,
      0.0,
      0.0,
      0.0,
      0.0,
      0.004106097698409434,
      0.0035723710701019555,
      0.0,
      0.009880621407803056,
      0.0,
      0.0,
      -0.00914099646819051,
      0.0,
      0.0,
      0.0,
      0.0,
      0.0,
      0.009956795891620067,
      0.00329115679003208,
      0.0,
      0.0,
      0.0,
      -0.002095355132662968,
      0.003967885256934154,
      0.0,
      0.0,
      0.0,
      0.0,
      0.0,
      0.0,
      0.0,
      0.0,
      0.0,
      0.0,
      0.0,
      -0.002132768201064161,
      0.0,
      0.0,
      0.003656025647464063,
      0.0,
      0.008965312078687428,
      0.0,
      0.0,
      0.0,
      -0.007468674903058089,
      0.0,
      0.019375140676253327,
      0.0,
      0.0018413779706665976,
      0.0,
      0.0,
      0.0,
      0.0,
      0.0,
      0.0,
      0.0,
      -0.003915200596706112,
      0.0,
      0.0,
      0.0,
      0.012219232976819731,
      0.019326321960677007,
      0.0,
      -0.00252204062197578,
      0.0,
      -0.006547133660810119
    ]
  },
  "test": {
    "total_return": 0.06122329666866477,
    "cumulative_return": 0.06122329666866477,
    "sharpe_ratio": 1.0809811712287676,
    "sortino_ratio": 0.8786371850404543,
    "max_drawdown": 0.046181275262705435,
    "volatility": 0.13227493343569555,
    "beta": 1.0,
    "total_trades": 27,
    "returns": [
      0.0,
      0.0,
      0.0,
      0.0,
      -0.008308093562209668,
      0.0,
      0.0,
      0.0,
      0.0,
      0.0,
      0.0,
      0.0,
      -0.01568626226333723,
      0.0,
      0.0,
      0.0,
      0.0,
      0.0,
      0.0,
      0.0,
      0.0,
      -0.0149038040490122,
      0.0038723680676747696,
      0.0,
      0.0,
      0.0,
      0.0,
      -0.011905717261183738,
      0.0,
      0.011252084409297206,
      0.0,
      0.0,
      0.0,
      0.0,
      0.01809750466299989,
      0.0,
      0.0,
      0.0,
      0.0,
      0.0,
      0.0,
      0.0,
      0.0,
      0.0,
      0.0,
      0.0,
      0.03565520757950747,
      -0.035530628269092306,
      0.0,
      0.0,
      0.0,
      0.0,
      0.0,
      0.0,
      0.0,
      0.0,
      0.0,
      0.0,
      0.0,
      0.0,
      0.0,
      0.0,
      0.008267270717552346,
      0.0002108496132276902,
      0.0,
      0.0,
      0.0,
      0.01880222401585787,
      0.011078650039810886,
      0.048634413979923304,
      0.0,
      0.0,
      0.0008341509219299124,
      0.0,
      0.0,
      0.0,
      0.0,
      -0.003951005570292846,
      0.0,
      0.0,
      0.0,
      0.0,
      0.0,
      0.0022055979133756036,
      -0.004335108342031765,
      0.0,
      0.0,
      0.0,
      0.0,
      0.0,
      0.005224764149122559,
      0.0,
      -0.00685181338579832,
      0.0,
      0.0,
      0.0,
      7.4295480075253e-05
    ]
  },
  "buy_hold_train": {
    "total_return": 0.07026490659477043,
    "cumulative_return": 0.07026490659477043,
    "sharpe_ratio": 0.6740940076191314,
    "sortino_ratio": 0.9840679695654162,
    "max_drawdown": 0.18591535278304594,
    "volatility": 0.22646946120004224,
    "beta": 1.0,
    "total_trades": 0,