{
  "session_uuid": "5bbddcd2-6aa1-4a0b-ad57-55f33199c4a6",
  "best_params": {
    "sma_short": 13,
    "sma_medium": 48,
    "sma_long": 85,
    "ema_short": 14,
    "ema_long": 50,
    "adx_period": 25,
    "adx_threshold": 39,
    "supertrend_period": 13,
    "supertrend_multiplier": 2.940271389681865,
    "rsi_period": 26,
    "rsi_overbought": 80,
    "rsi_oversold": 29,
    "macd_fast": 14,
    "macd_slow": 22,
    "macd_signal": 11,
    "stoch_k_period": 17,
    "stoch_d_period": 9,
    "cci_period": 21,
    "williams_r_period": 17,
    "bb_period": 27,
    "bb_std": 1.7352222171464153,
    "atr_period": 27,
    "keltner_period": 23,
    "keltner_multiplier": 1.7428999723868284,
    "donchian_period": 12,
    "volume_ma_period": 26,
    "obv_ma_period": 16,
    "vwap_period": 21,
    "money_flow_period": 17,
    "pivot_period": 13,
    "fibonacci_levels": 3,
    "support_tolerance": 0.019839639975769412,
    "resistance_tolerance": 0.006251861590394926,
    "trend_weight": 0.4848349010483989,
    "momentum_weight": 0.28222530032222254,
    "volatility_weight": 0.2523994874536338,
    "macro_weight": 0.22923379271133823,
    "volume_weight": 0.1368523742701265,
    "support_resistance_weight": 0.05675938249975648,
    "base_position": 0.8554852356967007,
    "volatile_reduction": 0.45430632084502326,
    "trending_boost": 1.3197299517664658,
    "momentum_boost": 1.200680518496972,
    "volume_boost": 1.1335884877027953,
    "stop_atr_multiplier": 1.708722893011219,
    "stop_fixed_percentage": 0.024476302187919904,
    "profit_atr_multiplier": 4.900595509586103,
    "profit_fixed_percentage": 0.07573987397389809,
    "trailing_stop_percentage": 0.014847296573098915,
    "max_position_size": 1.2398181361127176,
    "max_drawdown_limit": 0.06773180110466062,
    "entry_confirmation_periods": 3,
    "exit_confirmation_periods": 3,
    "trend_confirmation_periods": 4,
    "volume_confirmation_threshold": 1.8416803376813164,
    "momentum_confirmation_threshold": 0.6687894524381616
  },
  "best_value": 0.5891463868616087,
  "n_trials": 100,
  "created_at": "2025-07-22T14:55:02.982731"
}