{
  "session_uuid": "5bbddcd2-6aa1-4a0b-ad57-55f33199c4a6",
  "train_performance": 0.5891463868616087,
  "test_performance": {
    "total_return": 0.05804218643741765,
    "log_return": 0.05642020640054439,
    "buy_hold_return": 0.06389130260116938,
    "buy_hold_log_return": 0.06193322649141791,
    "excess_return": -0.005849116163751722,
    "sharpe_ratio": 0.5881013710866224,
    "max_drawdown": -0.190912971740976,
    "win_rate": 0.58
  },
  "optimization_objective": "total_return",
  "created_at": "2025-07-22T14:55:02.952266"
}