{
  "analysis_results": {},
  "optimization": {
    "weights": {
      "SPY": 0.08333333333333333,
      "SQQQ": 0.08333333333333333,
      "AAPL": 0.08333333333333333,
      "MSFT": 0.08333333333333333,
      "NVDA": 0.08333333333333333,
      "GOOGL": 0.08333333333333333,
      "AMZN": 0.08333333333333333,
      "TSLA": 0.08333333333333333,
      "META": 0.08333333333333333,
      "JPM": 0.08333333333333333,
      "UNH": 0.08333333333333333,
      "CONL": 0.08333333333333333
    }
  },
  "backtest": {
    "status": "not_implemented",
    "message": "백테스팅 기능이 구현되지 않음"
  },
  "timestamp": "2025-08-04T17:30:05.207120"
}