{
  "timestamp": "20250808_200010",
  "optimization_method": "optuna",
  "objective_metric": "sharpe_ratio",
  "thresholds": {
    "strong_buy": 0.6743011393044852,
    "buy": 0.6093385043273976,
    "hold_upper": 0.26025695762583745,
    "hold_lower": -0.2918223330477283,
    "sell": -0.49912443512739396,
    "strong_sell": -0.8665838298132441
  },
  "metadata": {
    "train_ratio": 0.7,
    "n_trials": 100,
    "symbols": [
      "SPY",
      "SQQQ",
      "AAPL",
      "MSFT",
      "NVDA",
      "GOOGL",
      "AMZN",
      "TSLA",
      "META",
      "JPM",
      "UNH",
      "CONL"
    ],
    "description": "Optuna 최적화로 찾은 최적 threshold 값들"
  }
}