{
  "timestamp": "20250808_165442",
  "optimization_method": "optuna",
  "objective_metric": "sharpe_ratio",
  "best_thresholds": {
    "strong_buy": 0.6911694009191099,
    "buy": 0.598776201476081,
    "hold_upper": 0.40525956078439973,
    "hold_lower": -0.1369311556212784,
    "sell": -0.5798873008445458,
    "strong_sell": -0.8898656417395595
  },
  "best_score": 3.374153142509049,
  "train_score": 1.1902203262076005,
  "test_score": 5.558085958810498,
  "total_combinations_tested": 1
}