{
  "생성시간": "2025-07-28T16:39:06.348806",
  "총종목수": 4,
  "액션분포": {
    "BUY": 2,
    "HOLD": 2
  },
  "리스크분포": {
    "LOW": 4
  },
  "고우선순위종목수": 0,
  "평균투자점수": 0.24425,
  "시장체제": "SIDEWAYS",
  "포트폴리오점수": 0.29099783063463136
}