{
  "SPY": 0.3,
  "AAPL": 0.1435221660182185,
  "MSFT": 0.11025458558277516,
  "GOOGL": 0.03037278698653885,
  "AMZN": 2.9310693129707676e-18,
  "TSLA": 5.682288237007508e-18,
  "META": 0.0045372492118039695,
  "JPM": 0.21190339690923535,
  "UNH": 0.1494098152914281
}