{
  "train": {
    "total_return": 0.11491026740804555,
    "cumulative_return": 0.11491026740804555,
    "sharpe_ratio": 3.238760413119391,
    "sortino_ratio": 4.978932945589668,
    "max_drawdown": 0.017938072657817654,
    "volatility": 0.05304895911611104,
    "beta": 1.0,
    "total_trades": 81,
    "returns": [
      0.0,
      0.0,
      0.0,
      0.0,
      0.0,
      0.0,
      0.0,
      0.0,
      0.0,
      0.0,
      0.0,
      0.0,
      0.0,
      0.00010229644362328056,
      2.963154386498338e-19,
      0.0,
      0.0,
      0.0,
      0.0,
      0.011475329264949683,
      0.00015161342782062562,
      0.0,
      0.0,
      0.0,
      0.0,
      0.0,
      0.0,
      0.00037038453076195606,
      0.0,
      0.0,
      0.0,
      0.005617006987265006,
      0.0,
      0.0,
      -6.637841207211396e-05,
      0.000527369757842989,
      0.0,
      0.0,
      0.002542163351730004,
      0.0,
      -0.0018146980733054039,
      4.823618242783769e-19,
      0.0,
      0.0,
      0.004987341400689623,
      2.1484070739156477e-21,
      0.0,
      0.0007292565972640202,
      0.0,
      0.000348583405289795,
      0.0003622591539835302,
      0.0006882057446212376,
      0.0,
      0.0,
      -0.0004229488926750187,
      0.0,
      0.010845759661519228,
      0.010162944636586593,
      0.0,
      -0.002093312468646362,
      -0.0020941727298007104,
      0.0,
      0.0,
      0.0,
      0.0,
      0.0,
      0.0020706476340181163,
      0.002495681472275099,
      0.0,
      0.008582920781192755,
      0.0,
      0.0,
      0.0,
      0.00041573739556320633,
      0.0,
      -0.004184238987102193,
      0.0,
      0.0,
      0.0035161381620284456,
      0.0,
      1.5467400919954132e-18,
      0.00043217268125199235,
      -0.0023153907078555264,
      0.0,
      -0.00738075389547585,
      0.0,
      0.0007164687792855304,
      1.9028564902547534e-19,
      0.0,
      0.0108376538631171,
      0.0058543895989576055,
      0.004049305517076974,
      0.0015721175430210852,
      0.0,
      0.0,
      0.002470419330875743,
      0.0,
      0.0011575827413735694,
      0.0,
      0.00016735505145943304,
      0.0014267091420411577,
      0.0,
      0.0,
      0.003570868659079533,
      0.0,
      0.0005422692187319943,
      0.0,
      0.0,
      -0.0001506747882558695,
      0.0,
      0.0,
      0.0004814734684238642,
      0.0,
      0.0,
      0.0,
      0.0,
      0.0,
      0.02162435171941815,
      0.004513026247072136,
      0.01656135604341518,
      0.0,
      0.0,
      0.0008173876884289663,
      0.0,
      1.6925926863774707e-20,
      0.0,
      -0.0008788240324770905,
      0.0,
      0.0,
      0.0,
      0.0,
      0.0,
      0.00628317759551101,
      0.0,
      -0.002462628874311671,
      0.0,
      -0.004031845380769813,
      0.0,
      -0.0033556578048166115,
      -0.0016254035580703689,
      0.0,
      0.0,
      0.0,
      -0.006585442524817674
    ]
  },
  "test": {
    "total_return": 0.06076402099663514,
    "cumulative_return": 0.06076402099663514,
    "sharpe_ratio": 2.0110261238663063,
    "sortino_ratio": 1.3496754585476791,
    "max_drawdown": 0.02652577653920495,
    "volatility": 0.06659780134677548,
    "beta": 1.0,
    "total_trades": 63,
    "returns": [
      0.0,
      0.0,
      0.0,
      -2.720897603642669e-19,
      -0.00018847945483364728,
      0.0,
      0.0,
      0.0,
      0.0,
      0.0,
      0.0,
      0.0,
      -0.003229580983266562,
      0.0,
      0.0,
      0.0,
      0.0,
      -2.1274793628345561e-19,
      0.0,
      0.0,
      0.0,
      -0.0011310505862761405,
      0.0,
      0.0007199264805255564,
      0.0010345776817268513,
      -0.0005806713679076586,
      0.0,
      -0.0007036290229349043,
      0.0,
      0.0007812060722549738,
      0.0,
      0.0,
      0.0,
      0.0,
      0.017769998811812175,
      0.0,
      0.008069354513158286,
      -5.476699702821515e-20,
      0.0,
      0.0,
      0.0,
      0.0,
      0.0,
      0.0010107142602703983,
      3.9064021225883727e-19,
      0.009067392437434341,
      0.0,
      -0.026134746481701727,
      -0.00040152377969186265,
      0.0,
      0.00041395560082378317,
      0.0,
      0.0025588558706114615,
      0.0,
      -0.00018115285513749425,
      0.0008617797239775641,
      0.0007836295817033191,
      0.0015433107937541642,
      0.0,
      0.0,
      0.0,
      0.0,
      0.0,
      0.0016698575958246894,
      9.225061497379123e-20,
      0.0,
      0.002838240415398024,
      0.0217214159628241,
      -0.00021517255100075966,
      0.0010831513268284728,
      0.0,
      0.0,
      0.0016122715254364545,
      0.0,
      -0.0002874378876510365,
      0.0,
      0.0,
      0.002224913828954687,
      0.0,
      0.0013757457003259722,
      -7.147641686479252e-21,
      0.0,
      0.0,
      0.004012800973636486,
      0.00050911767583178,
      0.003216002940586259,
      0.0,
      0.0,
      0.00587419502460993,
      0.0,
      0.0,
      0.0010394350958839338,
      0.003513491351887324,
      0.0,
      0.0,
      -0.0008006637785416979,
      -9.792538443590789e-21,
      -0.0015895976025280874
    ]
  },
  "buy_hold_train": {
    "total_return": 0.042997523471827406,
    "cumulative_return": 0.042997523471827406,
    "sharpe_ratio": 0.5175991252553394,
    "sortino_ratio": 0.710686089236929,
    "max_drawdown": 0.09997994315944285,
    "volatility": 0.13551285815617276,
    "beta": 1.0,
    "total_trades": 0,