{
  "sma_short": 14,
  "sma_medium": 46,
  "sma_long": 196,
  "ema_short": 19,
  "ema_long": 45,
  "adx_period": 18,
  "adx_threshold": 34,
  "supertrend_period": 10,
  "supertrend_multiplier": 2.396303539675336,
  "rsi_period": 25,
  "rsi_overbought": 84,
  "rsi_oversold": 34,
  "macd_fast": 14,
  "macd_slow": 28,
  "macd_signal": 10,
  "stoch_k_period": 15,
  "stoch_d_period": 4,
  "cci_period": 27,
  "williams_r_period": 17,
  "bb_period": 25,
  "bb_std": 2.5510292849495184,
  "atr_period": 20,
  "keltner_period": 21,
  "keltner_multiplier": 2.6070805485726245,
  "donchian_period": 24,
  "volume_ma_period": 27,
  "obv_ma_period": 15,
  "vwap_period": 18,
  "money_flow_period": 11,
  "pivot_period": 11,
  "fibonacci_levels": 3,
  "support_tolerance": 0.015216519891573856,
  "resistance_tolerance": 0.00680414895653413,
  "trend_weight": 0.43511371348111266,
  "momentum_weight": 0.12363368748994544,
  "volatility_weight": 0.2421435865280507,
  "macro_weight": 0.25759138815731264,
  "volume_weight": 0.08458180193308865,
  "support_resistance_weight": 0.1673308499795296,
  "base_position": 0.9973236392267281,
  "volatile_reduction": 0.6347899413261996,
  "trending_boost": 1.460881389487702,
  "momentum_boost": 1.228618840821768,
  "volume_boost": 1.0342735574437583,
  "stop_atr_multiplier": 1.5012901792770883,
  "stop_fixed_percentage": 0.05866948132667651,
  "profit_atr_multiplier": 2.8060795687610534,
  "profit_fixed_percentage": 0.09456704454369547,
  "trailing_stop_percentage": 0.03579995683799323,
  "max_position_size": 1.2123571736911118,
  "max_drawdown_limit": 0.052404878776602534,
  "entry_confirmation_periods": 3,
  "exit_confirmation_periods": 2,
  "trend_confirmation_periods": 7,
  "volume_confirmation_threshold": 1.5562695256495225,
  "momentum_confirmation_threshold": 0.6988062853534059
}