{
  "sma_short": 14,
  "sma_medium": 53,
  "sma_long": 53,
  "ema_short": 15,
  "ema_long": 45,
  "rsi_period": 10,
  "rsi_overbought": 76,
  "rsi_oversold": 27,
  "macd_fast": 9,
  "macd_slow": 21,
  "macd_signal": 15,
  "bb_period": 29,
  "bb_std": 2.163511696311051,
  "atr_period": 12,
  "volume_ma_period": 27,
  "trend_weight": 0.21930211190554516,
  "momentum_weight": 0.18940218989334112,
  "volatility_weight": 0.18127227417126446,
  "macro_weight": 0.2804756976305266,
  "base_position": 0.8808446148390214,
  "volatile_reduction": 0.38557712139880496,
  "trending_boost": 1.020904506426319,
  "atr_multiplier": 2.2507383161371886,
  "fixed_percentage": 0.07402382962743698
}