{
  "session_uuid": "990b0ff6-9be5-4cc5-a06e-c08b9cf8b531",
  "best_params": {
    "sma_short": 18,
    "sma_medium": 44,
    "sma_long": 72,
    "ema_short": 16,
    "ema_long": 32,
    "adx_period": 18,
    "adx_threshold": 27,
    "supertrend_period": 12,
    "supertrend_multiplier": 2.6652762924915523,
    "rsi_period": 11,
    "rsi_overbought": 75,
    "rsi_oversold": 30,
    "macd_fast": 15,
    "macd_slow": 25,
    "macd_signal": 7,
    "stoch_k_period": 19,
    "stoch_d_period": 8,
    "cci_period": 25,
    "williams_r_period": 13,
    "bb_period": 21,
    "bb_std": 2.3629786302163724,
    "atr_period": 28,
    "keltner_period": 22,
    "keltner_multiplier": 2.5011716818054905,
    "donchian_period": 20,
    "volume_ma_period": 16,
    "obv_ma_period": 27,
    "vwap_period": 20,
    "money_flow_period": 14,
    "pivot_period": 7,
    "fibonacci_levels": 7,
    "support_tolerance": 0.014561393504935214,
    "resistance_tolerance": 0.007354039303613353,
    "trend_weight": 0.3279968731285178,
    "momentum_weight": 0.33697312858504946,
    "volatility_weight": 0.37922203052632064,
    "macro_weight": 0.17595609756463174,
    "volume_weight": 0.11384205232614482,
    "support_resistance_weight": 0.08495564412566306,
    "base_position": 0.8601448311675299,
    "volatile_reduction": 0.5209788060667713,
    "trending_boost": 1.3268391343456978,
    "momentum_boost": 1.1753512864796716,
    "volume_boost": 1.0548803402814801,
    "stop_atr_multiplier": 2.13944903374286,
    "stop_fixed_percentage": 0.03704477726037803,
    "profit_atr_multiplier": 3.0067758965436644,
    "profit_fixed_percentage": 0.09405338566092336,
    "trailing_stop_percentage": 0.01008604433112002,
    "max_position_size": 1.2374411864407246,
    "max_drawdown_limit": 0.06755874049643998,
    "entry_confirmation_periods": 5,
    "exit_confirmation_periods": 1,
    "trend_confirmation_periods": 3,
    "volume_confirmation_threshold": 1.9255705260122682,
    "momentum_confirmation_threshold": 0.7579211204675795
  },
  "best_value": -999.0,
  "n_trials": 50,
  "created_at": "2025-07-22T14:30:07.350364"
}