{
  "train": {
    "total_return": 0.22228239747117517,
    "cumulative_return": 0.22228239747117517,
    "sharpe_ratio": 2.105164401235735,
    "sortino_ratio": 2.525232479353601,
    "max_drawdown": 0.03638191449730749,
    "volatility": 0.16468082845941734,
    "beta": 1.0,
    "total_trades": 45,
    "returns": [
      0.0,
      0.0,
      0.0,
      0.0,
      0.0,
      0.0,
      0.0,
      0.0,
      0.0,
      0.0,
      0.0,
      0.0,
      0.0,
      0.0045091593425774755,
      0.0,
      0.0,
      0.0,
      0.0,
      0.0,
      0.007616633305575132,
      0.0,
      0.0,
      0.0,
      0.0016397304686385822,
      0.0017095892895306732,
      0.0,
      0.0,
      0.0004939314303205422,
      0.0,
      0.0,
      0.0,
      0.010013049099630654,
      0.0,
      0.0,
      0.016688879978065316,
      0.0,
      0.0,
      0.001021097763540366,
      0.00047718755763011,
      0.0,
      0.0,
      0.0,
      0.0,
      0.0,
      0.0,
      0.0,
      0.0,
      0.0020446148061913374,
      0.0,
      0.0,
      0.01563466703119702,
      0.0,
      0.0,
      0.0,
      0.0,
      0.002690328273902845,
      0.0,
      0.006588903013395977,
      0.002341301232767743,
      0.0,
      0.0,
      0.0,
      0.0,
      0.001365402157757251,
      0.0,
      0.0,
      0.0010427390962990746,
      0.0,
      0.0,
      0.11236862564149447,
      0.0,
      -0.003999454532756995,
      0.014825258978779841,
      0.0,
      0.0,
      0.0,
      0.0,
      0.0,
      0.009095573710392723,
      0.0,
      0.0,
      0.0,
      0.0,
      0.005576325448674672,
      -0.008468465115050483,
      0.0,
      0.0,
      0.0,
      0.0,
      0.0,
      0.0,
      0.002356927001545154,
      0.0,
      0.0,
      0.0,
      -0.001961017705931586,
      -0.0008017979568760499,
      0.016055805984583678,
      0.0,
      0.0,
      0.0,
      0.0,
      0.0,
      0.0,
      0.0,
      0.0,
      0.0,
      0.0,
      0.0,
      0.0,
      0.0,
      0.0033759656909146045,
      0.00044368587929137515,
      0.0,
      0.007606864141685544,
      0.0,
      0.0,
      -0.003636980888085542,
      0.0,
      0.008904692951027365,
      0.0,
      0.0,
      -0.008208643711433943,
      0.000564832882562388,
      0.0,
      0.0,
      0.0,
      0.0,
      0.0,
      -0.0036779041908993892,
      0.0,
      0.0,
      0.0,
      0.0,
      0.018372435843278977,
      0.0,
      -0.0293969084907058,
      0.0,
      0.0,
      0.0,
      0.0,
      0.0,
      -0.007196562701794066
    ]
  },
  "test": {
    "total_return": 0.0683752751859994,
    "cumulative_return": 0.0683752751859994,
    "sharpe_ratio": 1.1677348303949886,
    "sortino_ratio": 1.0113370194561495,
    "max_drawdown": 0.040529675751488914,
    "volatility": 0.1397494899357526,
    "beta": 1.0,
    "total_trades": 29,
    "returns": [
      0.0,
      0.0,
      0.0,
      0.0,
      -0.008308093562209668,
      0.0,
      0.0,
      0.0,
      0.0,
      0.0,
      0.0,
      0.0,
      -0.01568626226333723,
      0.0,
      0.0,
      0.0,
      0.0,
      0.0,
      0.0,
      0.0,
      0.0,
      -0.0149038040490122,
      -0.0010865590687638186,
      0.0,
      -0.0011167451118599576,
      0.0,
      0.0,
      0.0,
      0.0015331653671690096,
      0.0,
      0.0,
      0.0,
      0.0,
      0.0,
      0.01160195879610562,
      0.0,
      0.0,
      0.01645081577277013,
      0.0,
      0.0,
      0.0,
      0.0,
      0.0,
      0.0,
      0.0,
      0.04959783399376367,
      0.0,
      -0.03484310812468907,
      0.0,
      0.0,
      0.0,
      0.0,
      0.0,
      0.0,
      0.0037726713765246114,
      0.0,
      0.0,
      0.0,
      0.0,
      0.0,
      0.0,
      0.004645000985732645,
      0.0,
      0.00020658796111378873,
      0.0,
      0.0,
      0.0,
      0.01842227554773073,
      0.007354082722277983,
      0.046763117415796314,
      0.0,
      0.0,
      -0.010356645146268073,
      0.0,
      0.0,
      0.0,
      0.0,
      -0.002053988935730283,
      0.0,
      0.0,
      0.0021032857095940574,
      0.0,
      0.0,
      0.0,
      -0.004312964473851704,
      0.0,
      0.0,
      0.0,
      0.0038571414795252113,
      0.001563132974003935,
      0.0,
      0.0,
      -0.004875752472058518,
      0.0,
      0.0,
      -0.0005403480646463377
    ]
  },
  "buy_hold_train": {
    "total_return": 0.07026490659477043,
    "cumulative_return": 0.07026490659477043,
    "sharpe_ratio": 0.6740940076191314,
    "sortino_ratio": 0.9840679695654162,
    "max_drawdown": 0.18591535278304594,
    "volatility": 0.22646946120004224,
    "beta": 1.0,
    "total_trades": 0,