{
  "train": {
    "total_return": 0.12525678539060459,
    "cumulative_return": 0.12525678539060459,
    "sharpe_ratio": 3.713684515539505,
    "sortino_ratio": 174.28146696613393,
    "max_drawdown": 0.0015774234472735083,
    "volatility": 0.05916875200106765,
    "beta": 1.0,
    "total_trades": 42,
    "returns": [
      0.0,
      0.0,
      0.0,
      0.0,
      0.0,
      0.0,
      0.0,
      0.0,
      0.0,
      0.0,
      0.0,
      0.0,
      0.0022487563932505716,
      0.0,
      0.0,
      0.0,
      0.0,
      0.0,
      0.0,
      0.0,
      0.0,
      0.0,
      0.0,
      0.0,
      0.0,
      0.0,
      0.0,
      0.0031544951201558963,
      0.014274037421311357,
      0.0,
      0.0,
      0.0,
      0.0,
      0.0,
      0.0,
      0.0,
      0.0,
      0.0010890960261746786,
      0.0,
      0.0,
      0.0,
      0.0,
      0.0,
      0.03160523512370465,
      -0.0009320436435683606,
      0.0,
      0.0005511750940970215,
      0.0,
      0.0,
      -0.0009240731192989862,
      0.0,
      0.0014098169416171338,
      0.0,
      0.0007754315494047579,
      0.0,
      0.0,
      0.0014078770417180878,
      0.0,
      0.00015462266795477917,
      1.2422120252348285e-05,
      -0.0008371785658132112,
      0.0,
      0.0,
      0.0,
      0.0,
      0.0,
      2.3320657687639837e-05,
      0.0,
      0.0,
      0.0,
      -0.0007641679546454435,
      0.0,
      0.0,
      0.0,
      0.0,
      0.0,
      0.0,
      0.0,
      0.0,
      0.0,
      0.0,
      0.004265389394901805,
      0.0,
      0.0,
      0.0,
      0.0,
      0.010035575972676873,
      0.0,
      0.0,
      0.0,
      0.0,
      0.0,
      0.008946882403276972,
      0.0,
      0.0,
      0.0,
      0.0,
      0.0,
      0.004624273731588891,
      0.0008767039826509191,
      0.0,
      0.0,
      0.0,
      0.0,
      0.0,
      0.0,
      0.0,
      0.0009130988682815565,
      0.014529978622816337,
      0.0,
      0.0048066633874719366,
      0.00018134714653325607,
      0.0,
      0.0,
      0.0,
      0.0,
      0.0,
      0.0,
      0.0,
      0.0002372855200484886,
      0.0,
      0.0049003944464835044,
      0.0,
      0.0,
      0.01134929699756121
    ]
  },
  "test": {
    "total_return": 0.1313729730976836,
    "cumulative_return": 0.1313729730976836,
    "sharpe_ratio": 3.433022922991501,
    "sortino_ratio": 8.533036682805122,
    "max_drawdown": 0.007194799804170933,
    "volatility": 0.06793722816695981,
    "beta": 1.0,
    "total_trades": 45,
    "returns": [
      0.0,
      0.0,
      -0.0005924411793383948,
      0.0,
      0.0,
      -0.0042022421136312755,
      0.0,
      0.0,
      0.0,
      0.0,
      0.0,
      0.0,
      0.0,
      0.0,
      0.0,
      0.0,
      0.0,
      0.0,
      0.0,
      0.0,
      0.0,
      0.0,
      0.0,
      0.0,
      0.0,
      0.0,
      0.0,
      0.0,
      0.0,
      0.0,
      0.0,
      0.024842853057122218,
      0.0,
      0.0027643412730713416,
      0.0,
      0.0,
      0.023796266408314032,
      0.0,
      0.011945845011629807,
      -0.000660153201230205,
      0.003238106609201307,
      0.0,
      0.0,
      0.0,
      0.006147437896189969,
      0.0,
      0.0,
      0.0,
      0.0,
      0.0,
      0.0,
      0.0,
      0.0020266325715363313,
      0.0,
      0.0,
      0.003957977360082559,
      0.0,
      0.0,
      0.0,
      -0.004563886185283816,
      0.0,
      0.0,
      0.0028922963175393606,
      0.0,
      0.0,
      0.0,
      0.0,
      0.0,
      0.0,
      0.0,
      0.0,
      -0.0015399675802411099,
      0.0,
      0.005866976279354584,
      0.0,
      0.0,
      0.0,
      0.0,
      0.0,
      -0.0003361000316574957,
      0.0,
      0.0,
      0.0,
      0.0032563923699001607,
      0.0,
      0.0,
      0.0,
      0.0,
      0.02360081671512665,
      0.0,
      0.0,
      0.001198626934141257,
      0.0,
      0.0,
      0.004689264421605239,
      -0.0017956565247909174,
      0.0,
      0.0,
      0.0,
      -0.00032371120837051487,
      0.0,
      0.0,
      0.0003916728329170014,
      -0.0008760031051679964,
      0.0,
      0.0,
      0.0,
      0.0,
      0.0,
      -0.004604349396112928,
      0.0,
      0.0,
      0.0027235103219223015,
      0.014947434980805311,
      0.0,
      0.006563463567887311,
      0.0,
      0.0,
      0.00039981313914036877,
      0.0,
      0.0,
      -0.00012250603374026447,
      0.0,
      -0.0010274430909065894
    ]
  },
  "buy_hold_train": {
    "total_return": 0.3436416970440066,
    "cumulative_return": 0.3436416970440066,
    "sharpe_ratio": 0.9912621911048137,
    "sortino_ratio": 3.0952744351110293,
    "max_drawdown": 0.03335277858861546,
    "volatility": 0.1975561281559534,
    "beta": 1.0,
    "total_trades": 0,
    "returns": [
      -0.008081338497144994,
      0.0023834750832413838,
      -0.005908205213808495,
      0.02351189521846232,
      -0.015884518781723592,
      0.011362597585205683,
      -0.012095844976633623,
      -0.013509168416994741,
      0.007405926190511969,
      -0.0107576782649358,
      0.005748238524998063,
      0.011412790382787537,
      -0.004104106095532798,
      0.003168859905648332,
      0.005937959490033639,
      -0.005503750201689985,
      0.0024634050913846534,
      0.029672577407445805,
      -0.010950223602767178
    ]
  },
  "buy_hold_test": {
    "total_return": 0.29431937924652746,
    "cumulative_return": 0.29431937924652746,
    "sharpe_ratio": 0.9912621911048137,
    "sortino_ratio": 3.0952744351110293,
    "max_drawdown": 0.03335277858861546,
    "volatility": 0.1975561281559534,
    "beta": 1.0,
    "total_trades": 0,
    "returns": [
      -0.008081338497144994,
      0.0023834750832413838,
      -0.005908205213808495,
      0.02351189521846232,
      -0.015884518781723592,
      0.011362597585205683,
      -0.012095844976633623,
      -0.013509168416994741,
      0.007405926190511969,
      -0.0107576782649358,
      0.005748238524998063,
      0.011412790382787537,
      -0.004104106095532798,
      0.003168859905648332,
      0.005937959490033639,
      -0.005503750201689985,
      0.0024634050913846534,
      0.029672577407445805,
      -0.010950223602767178
    ]
  }
}