{
  "META": 0.10570968176986806,
  "NFLX": 0.15188318838461773,
  "QQQ": 0.23669000854917258,
  "SPY": 0.25,
  "MSFT": 0.20571712129634148
}