{
  "SPY": 0.3,
  "AAPL": 0.14352198319689635,
  "MSFT": 0.11025497300883129,
  "GOOGL": 0.030372759509693294,
  "AMZN": 2.931064646100911e-18,
  "TSLA": 5.682342910593323e-18,
  "META": 0.004536400183082775,
  "JPM": 0.21190392342271938,
  "UNH": 0.14940996067877685
}