{
  "train": {
    "total_return": 0.11540200668667344,
    "cumulative_return": 0.11540200668667344,
    "sharpe_ratio": 3.314433851510284,
    "sortino_ratio": 13.009981070995252,
    "max_drawdown": 0.0062648768457755945,
    "volatility": 0.0569023267586454,
    "beta": 1.0,
    "total_trades": 48,
    "returns": [
      0.0,
      0.0,
      0.0,
      0.0,
      0.0,
      0.0,
      0.0,
      0.0,
      0.0,
      0.0,
      0.0,
      0.0,
      0.0022487563932505716,
      0.0,
      0.0,
      0.0,
      0.0,
      0.0,
      0.0,
      0.0,
      0.0,
      0.0,
      0.0,
      0.0,
      0.0,
      0.0,
      0.0031983526447782254,
      0.0,
      0.012309925445802937,
      -0.0017626150293514316,
      0.0,
      0.0,
      0.0,
      0.0,
      0.0,
      0.0,
      0.0016640932806578322,
      0.0,
      -1.2045069376410621e-05,
      0.0,
      0.0338575199451686,
      0.0,
      0.0,
      -0.0019047315567710344,
      -0.0009346724151491053,
      0.0,
      0.0015203792906476235,
      0.0,
      0.0,
      -0.0009257795568749131,
      0.0,
      0.0,
      0.0,
      0.001491098040338102,
      0.0,
      0.0007716806683926911,
      0.0016112238947651924,
      0.0,
      0.0,
      -0.001810730786508615,
      0.0,
      0.0,
      1.8820084257995541e-06,
      0.0,
      0.0,
      0.0,
      2.3378598721530462e-05,
      9.162421325539102e-05,
      -0.000561141635950303,
      0.0,
      -0.001116735165891796,
      -0.0029062022238853773,
      0.0,
      0.0,
      0.0,
      0.0,
      0.0,
      0.0,
      0.0,
      0.0,
      0.0,
      0.0026465415875933686,
      0.0,
      0.0,
      0.0,
      0.0,
      0.0,
      0.0012103356191161601,
      0.0,
      0.0,
      0.0,
      0.0,
      0.003983891780775175,
      0.0,
      0.0,
      0.0,
      0.0,
      0.0,
      0.0,
      0.005687502080338097,
      0.003693496957838866,
      0.004213488541982909,
      0.0,
      0.0,
      0.0,
      0.0,
      0.0,
      0.0,
      -1.4630187420500213e-06,
      0.0,
      0.0063799637925196495,
      0.0,
      0.0,
      0.0,
      0.0,
      0.011025931481387119,
      0.0,
      0.0,
      0.0,
      0.0,
      0.001561659306937745,
      0.012126544028458211,
      0.00503939824271942,
      0.0,
      0.00047480187478069017,
      0.0,
      0.0,
      0.0,
      0.0,
      0.0014193815438002318,
      0.0,
      0.0,
      0.003777180827507828
    ]
  },
  "test": {
    "total_return": 0.10195897484899907,
    "cumulative_return": 0.10195897484899907,
    "sharpe_ratio": 2.7603378184333716,
    "sortino_ratio": 5.3079256378353135,
    "max_drawdown": 0.01016421213118712,
    "volatility": 0.08355746206071024,
    "beta": 1.0,
    "total_trades": 30,
    "returns": [
      0.0,
      0.0,
      0.0,
      0.0,
      0.0,
      0.0,
      0.0,
      0.0,
      0.0,
      0.0,
      0.0,
      0.0,
      0.0005391602143487627,
      0.0,
      0.0,
      0.0,
      0.0,
      0.005436595773214748,
      0.0,
      0.0,
      0.0,
      0.0,
      0.0,
      0.0,
      0.0,
      0.0,
      0.0,
      0.0008608790145204444,
      0.0,
      0.0,
      0.0,
      0.0,
      0.0011993217884598043,
      0.0,
      0.03819066899937457,
      0.0,
      0.0,
      0.003380209866763844,
      0.0,
      0.0,
      0.0,
      0.0006175467741218514,
      0.0,
      0.0,
      0.0,
      0.0,
      0.0,
      -0.0017339634396498764,
      0.00798382023222261,
      -0.00013970771933543113,
      0.0,
      0.0,
      0.0,
      0.0,
      -0.00034275901500967524,
      0.0,
      0.0,
      0.0,
      0.00015599145100633166,
      0.0,
      0.0,
      0.0,
      0.0,
      0.027633117949054313,
      0.0,
      0.0,
      0.0,
      0.0005204052603607607,
      0.0,
      0.0028671964111194,
      0.0,
      0.0,
      0.0,
      0.0,
      -0.002363235446896552,
      0.0,
      0.0,
      0.0,
      0.0,
      0.0,
      0.0,
      0.0,
      0.0,
      0.0,
      0.0,
      -0.007819455899648036,
      0.0,
      0.0021932576469850997,
      -4.4613858641283984e-05,
      0.01997322211458315,
      0.0,
      0.0,
      0.0,
      0.0004105384398326312,
      0.0,
      0.0,
      0.0,
      5.037159698479322e-06,
      -0.001054839147793415
    ]
  },
  "buy_hold_train": {
    "total_return": 0.1644557652232153,
    "cumulative_return": 0.1644557652232153,
    "sharpe_ratio": 3.338745361955801,
    "sortino_ratio": 8.212974555476224,
    "max_drawdown": 0.043726044252955426,
    "volatility": 0.2813778485687062,
    "beta": 1.0,
    "total_trades": 0,
    "returns": [
      -0.008081327308458598,
      0.0023835136084156315,
      -0.005908214402734212,
      0.0235118605806912,
      -0.015884478108844663,
      0.01136258119614456,
      -0.012095843602642764,
      -0.013509168527835848,
      0.007405890066715975,
      -0.010757628160023154,
      0.005748168174562139,
      0.011412843264547995,
      -0.004104162181110428,
      0.003168894239823277,
      0.005937965916045188,
      -0.005503757933728032,
      0.0024633924574271665,
      0.029672604547207597,
      -0.010950240133832662,
      -0.019477293930005746,
      -0.004535870693493411,
      0.026781587048389663,
      -0.012746300591582748,
      0.03055910452826717,
      0.020139144548582837,
      0.017915477747696334,
      0.03729194154772696,
      0.006145480944403156,
      -0.02371391352208966,
      0.04145752635523365,
      0.01890415087864464,
      0.005620064523442881,
      -0.023426076943440864,
      -0.020786923375936708,
      0.030059642948419216,
      -0.004100262497417424,
      0.033558527741483775,
      0.008705161304920803,
      -0.0022205389711073024,
      0.0015314093955496877,
      0.007470865362215972,
      -0.0217620206088764,
      -0.01929772252543495,
      0.017176784068618448
    ]
  },
  "buy_hold_test": {
    "total_return": 0.3856313408486534,
    "cumulative_return": 0.3856313408486534,
    "sharpe_ratio": 3.338745361955801,
    "sortino_ratio": 8.212974555476224,
    "max_drawdown": 0.043726044252955426,
    "volatility": 0.2813778485687062,
    "beta": 1.0,
    "total_trades": 0,
    "returns": [
      -0.008081327308458598,
      0.0023835136084156315,
      -0.005908214402734212,
      0.0235118605806912,
      -0.015884478108844663,
      0.01136258119614456,
      -0.012095843602642764,
      -0.013509168527835848,
      0.007405890066715975,
      -0.010757628160023154,
      0.005748168174562139,
      0.011412843264547995,
      -0.004104162181110428,
      0.003168894239823277,
      0.005937965916045188,
      -0.005503757933728032,
      0.0024633924574271665,
      0.029672604547207597,
      -0.010950240133832662,
      -0.019477293930005746,
      -0.004535870693493411,
      0.026781587048389663,
      -0.012746300591582748,
      0.03055910452826717,
      0.020139144548582837,
      0.017915477747696334,
      0.03729194154772696,
      0.006145480944403156,
      -0.02371391352208966,
      0.04145752635523365,
      0.01890415087864464,
      0.005620064523442881,
      -0.023426076943440864,
      -0.020786923375936708,
      0.030059642948419216,
      -0.004100262497417424,
      0.033558527741483775,
      0.008705161304920803,
      -0.0022205389711073024,
      0.0015314093955496877,
      0.007470865362215972,
      -0.0217620206088764,
      -0.01929772252543495,
      0.017176784068618448
    ]
  }
}