{
  "META": 0.10985295382833779,
  "NFLX": 0.16457607832196644,
  "QQQ": 0.22582333428944548,
  "SPY": 0.25,
  "MSFT": 0.19974763355692446
}