{
  "SPY": 0.3,
  "AAPL": 0.1435221901347594,
  "MSFT": 0.11025479509427498,
  "GOOGL": 0.03037257270391367,
  "AMZN": 2.9310606537458317e-18,
  "TSLA": 5.682301487843738e-18,
  "META": 0.004536631231185319,
  "JPM": 0.2119039550858477,
  "UNH": 0.149409855750019
}