{
  "train": {
    "AAPL": {
      "total_return": -0.9367949629614847,
      "sharpe_ratio": 2.1964597029269513,
      "sortino_ratio": 1.8786097055089737,
      "max_drawdown": 0.0493942743036546,
      "volatility": 0.13940400979726947,
      "beta": 1.0,
      "total_trades": 3,
      "strategy": "dual_momentum"
    },
    "META": {
      "total_return": -0.9358367600835076,
      "sharpe_ratio": 0.8927975831825439,
      "sortino_ratio": 0.6213190094419493,
      "max_drawdown": 0.13649071560127976,
      "volatility": 0.17361471834557685,
      "beta": 1.0,
      "total_trades": 2,
      "strategy": "dual_momentum"
    },
    "NFLX": {
      "total_return": -0.9407465506492568,
      "sharpe_ratio": 1.810915151540357,
      "sortino_ratio": 1.3573807030330296,
      "max_drawdown": 0.061980536767311925,
      "volatility": 0.17112040522012237,
      "beta": 1.0,
      "total_trades": 1,
      "strategy": "dual_momentum"
    },
    "QQQ": {
      "total_return": -0.9440321586850511,
      "sharpe_ratio": 0.21415322673611664,
      "sortino_ratio": 0.12330929162509227,
      "max_drawdown": 0.07435456009000782,
      "volatility": 0.10199061604598267,
      "beta": 1.0,
      "total_trades": 1,
      "strategy": "dual_momentum"
    },
    "SPY": {
      "total_return": 0.0,
      "sharpe_ratio": -0.6032556255403072,
      "sortino_ratio": -0.3118549083568376,
      "max_drawdown": 0.05145276692600712,
      "volatility": 0.06382783280742985,
      "beta": 1.0,
      "total_trades": 0,
      "strategy": "dual_momentum"
    },
    "NVDA": {
      "total_return": -0.9229773842119298,
      "sharpe_ratio": 1.9848989398403525,
      "sortino_ratio": 2.5029872878825064,
      "max_drawdown": 0.10649885111676097,
      "volatility": 0.2931780165480912,
      "beta": 1.0,
      "total_trades": 3,
      "strategy": "dual_momentum"
    },
    "TSLA": {
      "total_return": -0.9331228625842863,
      "sharpe_ratio": 0.2150156836974828,
      "sortino_ratio": 0.20972631061959243,
      "max_drawdown": 0.3650161355987412,
      "volatility": 0.46524992399231424,
      "beta": 1.0,
      "total_trades": 1,
      "strategy": "dual_momentum"
    },
    "MSFT": {
      "total_return": 0.16026422801562337,
      "sharpe_ratio": 2.3948305638397915,
      "sortino_ratio": 2.2858211895485687,
      "max_drawdown": 0.05166858723474589,
      "volatility": 0.09220270891947775,
      "beta": 1.0,
      "total_trades": 2,
      "strategy": "dual_momentum"
    }
  },
  "test": {
    "AAPL": {
      "total_return": 0.0,
      "sharpe_ratio": 0.0,
      "sortino_ratio": 0.0,
      "max_drawdown": 0.0,
      "volatility": 0.0,
      "beta": 1.0,
      "total_trades": 0,
      "strategy": "dual_momentum"
    },
    "META": {
      "total_return": 0.0,
      "sharpe_ratio": 0.0,
      "sortino_ratio": 0.0,
      "max_drawdown": 0.0,
      "volatility": 0.0,
      "beta": 1.0,
      "total_trades": 0,
      "strategy": "dual_momentum"
    },
    "NFLX": {
      "total_return": 0.0,
      "sharpe_ratio": 0.0,
      "sortino_ratio": 0.0,
      "max_drawdown": 0.0,
      "volatility": 0.0,
      "beta": 1.0,
      "total_trades": 0,
      "strategy": "dual_momentum"
    },
    "QQQ": {
      "total_return": 0.0,
      "sharpe_ratio": 0.0,
      "sortino_ratio": 0.0,
      "max_drawdown": 0.0,
      "volatility": 0.0,
      "beta": 1.0,
      "total_trades": 0,
      "strategy": "dual_momentum"
    },
    "SPY": {
      "total_return": 0.0,
      "sharpe_ratio": 0.0,
      "sortino_ratio": 0.0,
      "max_drawdown": 0.0,
      "volatility": 0.0,
      "beta": 1.0,
      "total_trades": 0,
      "strategy": "dual_momentum"
    },
    "NVDA": {
      "total_return": 0.0,
      "sharpe_ratio": 0.0,
      "sortino_ratio": 0.0,
      "max_drawdown": 0.0,
      "volatility": 0.0,
      "beta": 1.0,
      "total_trades": 0,
      "strategy": "dual_momentum"
    },
    "TSLA": {
      "total_return": 0.0,
      "sharpe_ratio": 0.0,
      "sortino_ratio": 0.0,
      "max_drawdown": 0.0,
      "volatility": 0.0,
      "beta": 1.0,
      "total_trades": 0,
      "strategy": "dual_momentum"
    },
    "MSFT": {
      "total_return": 0.0,
      "sharpe_ratio": 0.0,
      "sortino_ratio": 0.0,
      "max_drawdown": 0.0,
      "volatility": 0.0,
      "beta": 1.0,
      "total_trades": 0,
      "strategy": "dual_momentum"
    }
  },
  "buy_hold_train": {},
  "buy_hold_test": {},
  "filtered_results": {
    "MSFT": {
      "train": {
        "total_return": 0.16026422801562337,
        "sharpe_ratio": 2.3948305638397915,
        "sortino_ratio": 2.2858211895485687,
        "max_drawdown": 0.05166858723474589,
        "volatility": 0.09220270891947775,
        "beta": 1.0,
        "total_trades": 2,
        "strategy": "dual_momentum"
      },
      "test": {
        "total_return": 0.0,
        "sharpe_ratio": 0.0,
        "sortino_ratio": 0.0,
        "max_drawdown": 0.0,
        "volatility": 0.0,
        "beta": 1.0,
        "total_trades": 0,
        "strategy": "dual_momentum"
      },
      "composite_score": 45.77612426686299,
      "avg_sharpe": 1.1974152819198958,
      "max_drawdown": 0.05166858723474589,
      "strategy": "dual_momentum"
    }
  },
  "ranking": [
    {
      "symbol": "MSFT",
      "strategy": "dual_momentum",
      "composite_score": 45.77612426686299,
      "avg_sharpe": 1.1974152819198958,
      "max_drawdown": 0.05166858723474589,
      "train_return": 0.16026422801562337,
      "test_return": 0.0
    }
  ]
}