{
  "train": {
    "total_return": 0.0007473110178984968,
    "sharpe_ratio": 14.269148201093927,
    "sortino_ratio": 46.375806312436595,
    "max_drawdown": 0.04551118862627591,
    "volatility": NaN,
    "total_trades": 36
  },
  "test": {
    "total_return": 0.0006242254832479631,
    "sharpe_ratio": 3.0481966018562714,
    "sortino_ratio": 1.918922695396708,
    "max_drawdown": 0.09726835444347329,
    "volatility": NaN,
    "total_trades": 21
  },
  "buy_hold_train": {
    "total_return": 0.20894338988606975,
    "sharpe_ratio": 0.9369313614141708,
    "sortino_ratio": 1.6310736622165276,
    "max_drawdown": 0.701637664793526,
    "volatility": 0.5667549780311236,
    "total_trades": 12
  },
  "buy_hold_test": {
    "total_return": 0.34826902085641687,
    "sharpe_ratio": 1.1905684731879125,
    "sortino_ratio": 1.8523572830021537,
    "max_drawdown": 0.6563644630939007,
    "volatility": 0.6510443155272423,
    "total_trades": 12
  }
}