{
  "AAPL": 0.15680486463664634,
  "META": 0.16045230241739505,
  "NFLX": 7.233076605029978e-17,
  "QQQ": 0.0012432367087773476,
  "SPY": 0.2467127391853134,
  "NVDA": 8.636146239936247e-17,
  "TSLA": 3.624193910828246e-16,
  "MSFT": 0.3847868570518673
}