{
  "AAPL": 0.15664960950639248,
  "META": 0.11272183787641746,
  "NFLX": 0.10449349719771947,
  "QQQ": 0.11174927965301104,
  "SPY": 0.15065459484914226,
  "NVDA": 0.05109841181061233,
  "TSLA": 0.04572860438891356,
  "MSFT": 0.13179595304537173,
  "PLTR": 0.04609628536972224,
  "CONL": 0.01755518883570484,
  "ETHU": 0.02145673746695598
}