{
  "train": {
    "total_return": 0.2722972564334203,
    "cumulative_return": 0.2722972564334203,
    "sharpe_ratio": 12.226599223778134,
    "sortino_ratio": 48.0364900043488,
    "max_drawdown": 0.005323358249471201,
    "volatility": 0.15020482706822302,
    "beta": 1.0,
    "total_trades": 36,
    "returns": [
      -0.0063247276295501755,
      0.010366094995670424,
      -0.001309266887095059,
      0.011682051144140945,
      0.0004440697924829806,
      0.0034634055723043594,
      0.01467398363261058,
      0.008260334510670308,
      0.005829697966086285,
      -3.912880951438137e-05,
      0.015585275901823164,
      0.019893287485779846,
      0.021525868457020737,
      0.04357242779824791,
      0.0011186011894846325,
      0.013595120936041212,
      0.005934123498166141,
      0.011108849301035454,
      0.0002526032416322525,
      -0.001028422933208744,
      -0.004299356873469217,
      0.004480823831265543,
      0.00037500146771190943,
      -0.0012384664011093934,
      0.014112146408635189,
      0.005463602156403491,
      0.00598142575352577,
      0.001927212634948482,
      0.00023781804753631803,
      0.014352735231791026,
      0.007471147191853478,
      0.007037683917215996,
      0.008606316070347187
    ]
  },
  "test": {
    "total_return": 0.22403139617589418,
    "cumulative_return": 0.22403139617589418,
    "sharpe_ratio": 11.026530247339348,
    "sortino_ratio": 49.51850866379769,
    "max_drawdown": 0.011168731286202412,
    "volatility": 0.24517080110976772,
    "beta": 1.0,
    "total_trades": 21,
    "returns": [
      -0.0025867301664890727,
      -0.0022240933975656908,
      -0.008964575942803098,
      0.0003098587933078261,
      0.0009417244198980418,
      0.009506658337887513,
      0.015975206648479442,
      0.010506609726420596,
      0.00037566574188064835,
      0.002093281918851124,
      0.016562919013379453,
      0.022865097815215406,
      0.03029555837024562,
      0.04812051761508504,
      -0.0009072607306567298,
      0.032686799277794915,
      0.02929573461457428,
      -0.0004343162375431877,
      0.0009157958876894631
    ]
  },
  "buy_hold_train": {
    "total_return": 0.21849643635626223,
    "cumulative_return": 0.21849643635626223,
    "sharpe_ratio": 1.013378110383867,
    "sortino_ratio": 1.6692775483638158,
    "max_drawdown": 0.701637664793526,
    "volatility": 0.3262667263883029,
    "beta": 1.0,
    "total_trades": 0,
    "returns": []
  },
  "buy_hold_test": {
    "total_return": 0.16601955679293323,
    "cumulative_return": 0.16601955679293323,
    "sharpe_ratio": 0.930473189511263,
    "sortino_ratio": 1.4332164724569305,
    "max_drawdown": 0.6563644630939007,
    "volatility": 0.43745420331569285,
    "beta": 1.0,
    "total_trades": 0,
    "returns": []
  }
}