{
  "train": {
    "total_return": -0.6816558063949866,
    "sharpe_ratio": 1.138226903277911,
    "sortino_ratio": 1.0834123236628594,
    "max_drawdown": 0.3650161355987412,
    "volatility": 0.18757352895953305,
    "total_trades": 13
  },
  "test": {
    "total_return": 0.0,
    "sharpe_ratio": 0.0,
    "sortino_ratio": 0.0,
    "max_drawdown": 0.0,
    "volatility": 0.0,
    "total_trades": 0
  }
}