{
  "portfolio_weights": {
    "AAPL": 0.15680486463664634,
    "META": 0.16045230241739505,
    "NFLX": 7.233076605029978e-17,
    "QQQ": 0.0012432367087773476,
    "SPY": 0.2467127391853134,
    "NVDA": 8.636146239936247e-17,
    "TSLA": 3.624193910828246e-16,
    "MSFT": 0.3847868570518673
  },
  "symbol_strategies": {
    "AAPL": {
      "strategy": "dual_momentum",
      "params": {
        "donchian_period": 36,
        "rsi_period": 20,
        "rsi_oversold": 30,
        "rsi_overbought": 66,
        "momentum_period": 29,
        "momentum_threshold": 0.023124229868976817
      },
      "score": 78.70148224284038,
      "tested_strategies": 18
    },
    "META": {
      "strategy": "swing_macd",
      "params": {
        "macd_fast": 15,
        "macd_slow": 27,
        "macd_signal": 12,
        "min_holding_days": 6,
        "max_holding_days": 15,
        "volume_threshold": 1.228750845964253,
        "trend_confirmation": false
      },
      "score": 107.18287058888615,
      "tested_strategies": 18
    },
    "NFLX": {
      "strategy": "swing_donchian",
      "params": {
        "donchian_period": 25,
        "min_holding_days": 3,
        "max_holding_days": 20,
        "volume_threshold": 0.8270259116769835,
        "volatility_threshold": 0.9724207069294349,
        "breakout_strength_threshold": 0.0034644751711636647
      },
      "score": 120.62550985197753,
      "tested_strategies": 18
    },
    "QQQ": {
      "strategy": "swing_bollinger_band",
      "params": {
        "bb_period": 19,
        "bb_std": 1.9098692679296183,
        "rsi_period": 14,
        "rsi_oversold": 35,
        "rsi_overbought": 67,
        "confirmation_candles": 2
      },
      "score": 74.57532324405476,
      "tested_strategies": 18
    },
    "SPY": {
      "strategy": "swing_bollinger_band",
      "params": {
        "bb_period": 17,
        "bb_std": 1.9047453185124086,
        "rsi_period": 20,
        "rsi_oversold": 38,
        "rsi_overbought": 66,
        "confirmation_candles": 2
      },
      "score": 71.83709395771602,
      "tested_strategies": 18
    },
    "NVDA": {
      "strategy": "swing_bollinger_band",
      "params": {
        "bb_period": 15,
        "bb_std": 1.7211351822666126,
        "rsi_period": 15,
        "rsi_oversold": 37,
        "rsi_overbought": 63,
        "confirmation_candles": 3
      },
      "score": 85.25104277179756,
      "tested_strategies": 18
    },
    "TSLA": {
      "strategy": "donchian_rsi_whipsaw",
      "params": {
        "donchian_period": 25,
        "rsi_period": 20,
        "rsi_oversold": 28,
        "rsi_overbought": 70,
        "atr_period": 13,
        "atr_multiplier": 1.8156641907296913
      },
      "score": 88.89425183140699,
      "tested_strategies": 18
    },
    "MSFT": {
      "strategy": "swing_donchian",
      "params": {
        "donchian_period": 20,
        "min_holding_days": 9,
        "max_holding_days": 10,
        "volume_threshold": 0.8688179768452877,
        "volatility_threshold": 0.9657828479023775,
        "breakout_strength_threshold": 0.002068332187713801
      },
      "score": 107.51177238655261,
      "tested_strategies": 18
    }
  },
  "performance": {
    "sharpe_ratio": 1.8438455136071576,
    "expected_return": 0.0006474923009451046,
    "volatility": 0.004891266638948206,
    "sortino_ratio": 2.495740026891976,
    "max_drawdown": -0.032767051137665565
  },
  "optimization_method": "sharpe_maximization",
  "timestamp": "2025-07-20T23:04:44.154085",
  "optimization_details": {
    "sharpe_ratio": 1.8438455136071576,
    "expected_return": 0.0006474923009451046,
    "volatility": 0.004891266638948206,
    "sortino_ratio": 2.495740026891976,
    "max_drawdown": -0.032767051137665565,
    "weights": [
      0.15680486463664634,
      0.16045230241739505,
      7.233076605029978e-17,
      0.0012432367087773476,
      0.2467127391853134,
      8.636146239936247e-17,
      3.624193910828246e-16,
      0.3847868570518673
    ]
  }
}