{
  "AAPL": 0.08637193486951819,
  "META": 0.08637258970627189,
  "NFLX": 0.0863728120081217,
  "QQQ": 0.08637168443836148,
  "SPY": 0.08637120812316797,
  "NVDA": 0.08637379258796303,
  "TSLA": 0.08637163052496506,
  "MSFT": 0.08637171815671225,
  "PLTR": 0.08637493315789842,
  "CONL": 0.08629598194353578,
  "ETHU": 0.08635171448348418
}