{
  "train": {
    "total_return": -0.23655725703967037,
    "sharpe_ratio": 1.2606017153900817,
    "sortino_ratio": 1.1970358814558169,
    "max_drawdown": 0.3650161355987412,
    "volatility": 0.10106843670095858,
    "total_trades": 13
  },
  "test": {
    "total_return": 0.0,
    "sharpe_ratio": 0.0,
    "sortino_ratio": 0.0,
    "max_drawdown": 0.0,
    "volatility": 0.0,
    "total_trades": 0
  }
}