{
  "sma_short": 30,
  "sma_medium": 23,
  "sma_long": 167,
  "ema_short": 19,
  "ema_long": 50,
  "adx_period": 24,
  "adx_threshold": 20,
  "supertrend_period": 14,
  "supertrend_multiplier": 2.97006490106045,
  "rsi_period": 29,
  "rsi_overbought": 85,
  "rsi_oversold": 30,
  "macd_fast": 12,
  "macd_slow": 29,
  "macd_signal": 11,
  "stoch_k_period": 16,
  "stoch_d_period": 9,
  "cci_period": 14,
  "williams_r_period": 22,
  "bb_period": 29,
  "bb_std": 2.8445517505068216,
  "atr_period": 14,
  "keltner_period": 12,
  "keltner_multiplier": 1.504881394064747,
  "donchian_period": 26,
  "volume_ma_period": 23,
  "obv_ma_period": 25,
  "vwap_period": 19,
  "money_flow_period": 24,
  "pivot_period": 15,
  "fibonacci_levels": 6,
  "support_tolerance": 0.017684042711350132,
  "resistance_tolerance": 0.009677530206704222,
  "trend_weight": 0.2702130672251885,
  "momentum_weight": 0.37889861949800435,
  "volatility_weight": 0.37958040183726643,
  "macro_weight": 0.14351245020832376,
  "volume_weight": 0.1104153342614143,
  "support_resistance_weight": 0.18365990974347055,
  "base_position": 0.6672615295878693,
  "volatile_reduction": 0.6352347028668753,
  "trending_boost": 1.404281496518354,
  "momentum_boost": 1.1830327013842608,
  "volume_boost": 1.0604239593425666,
  "stop_atr_multiplier": 2.841608778901961,
  "stop_fixed_percentage": 0.07341969382091842,
  "profit_atr_multiplier": 4.584602431761757,
  "profit_fixed_percentage": 0.07711512294041944,
  "trailing_stop_percentage": 0.042465343584720615,
  "max_position_size": 1.3781658189027122,
  "max_drawdown_limit": 0.14793269364170308,
  "entry_confirmation_periods": 4,
  "exit_confirmation_periods": 1,
  "trend_confirmation_periods": 6,
  "volume_confirmation_threshold": 1.6845337335128179,
  "momentum_confirmation_threshold": 0.6853078288501538
}