{
  "META": 0.15147217925423023,
  "NFLX": 0.17237798850555028,
  "QQQ": 0.1822350202649985,
  "SPY": 0.2495315021925109,
  "MSFT": 0.19438330976957158
}