{
  "SPY": 0.25,
  "MSFT": 0.25,
  "TSLA": 0.01,
  "META": 0.21639748266710976,
  "UNH": 0.2236025173328902
}