{
  "train": {
    "total_return": 0.23547882329511305,
    "cumulative_return": 0.23547882329511305,
    "sharpe_ratio": 2.290542583308578,
    "sortino_ratio": 4.148808565884359,
    "max_drawdown": 0.02294151251784507,
    "volatility": 0.16689961743227089,
    "beta": 1.0,
    "total_trades": 45,
    "returns": [
      0.0,
      0.0,
      0.0,
      0.0,
      0.0,
      0.0,
      0.0,
      0.0,
      0.0,
      0.0,
      0.0,
      0.0,
      0.0,
      0.0045091593425774755,
      0.0,
      0.0,
      0.0,
      0.0,
      0.0,
      0.007616681451306608,
      0.0,
      0.0,
      0.0,
      0.0,
      0.0017123924733563893,
      0.0,
      0.0,
      0.0004946982834481469,
      0.0,
      0.0,
      0.0,
      0.0100294469232926,
      0.0,
      0.0,
      0.016715927427898465,
      0.0,
      0.0,
      0.001022738423675501,
      0.00047796745847302776,
      0.0,
      0.0,
      0.0,
      0.0,
      0.0,
      0.0,
      0.0,
      0.0,
      0.0,
      0.0,
      0.0,
      0.015691556104072073,
      0.0,
      0.0,
      0.0,
      0.0,
      0.0045603675647054795,
      0.0,
      0.006600155838767077,
      0.002345302112009108,
      0.0,
      0.0,
      0.0,
      0.0,
      0.0013677219007345114,
      0.0,
      0.0,
      0.00104450838764231,
      0.0,
      0.0,
      0.11255906236016412,
      0.0,
      -0.004005547578063888,
      0.014847935634822302,
      0.0,
      0.0,
      0.0,
      0.0,
      0.0,
      0.009371851832862644,
      0.0,
      0.0,
      0.009125898139006288,
      -0.0013209823507406187,
      0.005540016731914674,
      -0.008413647288035911,
      0.0,
      0.0,
      0.0,
      0.0,
      0.0,
      0.0,
      0.0023415237394351046,
      0.0,
      0.0,
      0.0,
      -0.00194824593169167,
      -0.0007965657898289873,
      0.01595094960718537,
      0.0,
      0.0,
      0.0,
      -0.017760340915302156,
      0.0,
      0.004201733055959783,
      0.0,
      0.0,
      0.0,
      0.0,
      0.0,
      0.0,
      0.0,
      0.0,
      0.0004484472827580766,
      0.0,
      0.007688260812860966,
      0.0,
      0.0,
      -0.0036755895086179272,
      0.0,
      0.008999618295375319,
      0.0,
      0.0,
      -0.008295350507981244,
      0.0005708490422839638,
      0.0,
      0.0,
      0.0,
      0.0,
      0.0,
      0.0,
      0.0,
      -0.01499315606977056,
      0.0,
      0.0,
      0.01878129675476829,
      0.0,
      -0.004700993109917021
    ]
  },
  "test": {
    "total_return": 0.06253817608536716,
    "cumulative_return": 0.06253817608536716,
    "sharpe_ratio": 1.0442476945316919,
    "sortino_ratio": 0.8291735587830029,
    "max_drawdown": 0.040529675751488914,
    "volatility": 0.14291722529259207,
    "beta": 1.0,
    "total_trades": 29,
    "returns": [
      0.0,
      0.0,
      0.0,
      0.0,
      -0.008308093562209668,
      0.0,
      0.0,
      0.0,
      0.0,
      0.0,
      0.0,
      0.0,
      -0.01568626226333723,
      0.0,
      0.0,
      0.0,
      0.0,
      0.0,
      0.0,
      0.0,
      0.0,
      -0.0149038040490122,
      -0.0010865590687638186,
      0.0,
      -0.0011167451118599576,
      0.0,
      0.0,
      0.0,
      0.0015331653671690096,
      0.0,
      0.0,
      0.0,
      0.0,
      0.0,
      0.01160195879610562,
      0.0,
      0.0,
      0.01645081577277013,
      0.0,
      0.0,
      0.0,
      0.0,
      0.0,
      0.0,
      0.0,
      0.04959783399376367,
      0.0,
      -0.03484310812468907,
      0.0,
      0.0,
      0.0,
      0.0,
      0.0,
      0.0,
      0.0037726713765246114,
      0.0,
      0.0,
      0.0020766743525421774,
      0.0,
      0.0,
      0.0,
      0.004635374821725947,
      0.0,
      0.00020616180964521638,
      0.0,
      0.0,
      0.0,
      0.01838428174809183,
      0.0,
      0.04809991050890497,
      0.0,
      0.0,
      0.0008254041300552869,
      0.0,
      0.0,
      0.0,
      0.0,
      -0.019569586073425932,
      0.0,
      0.0,
      0.0021254769983069573,
      0.0,
      0.0,
      0.0,
      0.000672873431843448,
      0.0,
      0.0,
      0.0,
      0.0038783304995451133,
      0.0015716867947919867,
      0.0,
      0.0,
      -0.004902391834892953,
      0.0,
      0.0,
      -0.000543314877154893
    ]
  },
  "buy_hold_train": {
    "total_return": 0.07026491408009634,
    "cumulative_return": 0.07026491408009634,
    "sharpe_ratio": 0.6740942548100701,
    "sortino_ratio": 0.9840686867439308,
    "max_drawdown": 0.18591536686128848,
    "volatility": 0.22646943628513705,
    "beta": 1.0,
    "total_trades": 0,