{
  "session_uuid": "c94cdcb7-9fb7-461f-b954-aeedd3dd4e3b",
  "best_params": {
    "sma_short": 6,
    "sma_medium": 41,
    "sma_long": 141,
    "ema_short": 16,
    "ema_long": 43,
    "rsi_period": 28,
    "rsi_overbought": 77,
    "rsi_oversold": 23,
    "macd_fast": 14,
    "macd_slow": 23,
    "macd_signal": 10,
    "bb_period": 22,
    "bb_std": 2.1101423610632115,
    "atr_period": 30,
    "volume_ma_period": 25,
    "trend_weight": 0.42038731549623054,
    "momentum_weight": 0.14148785226851374,
    "volatility_weight": 0.20661883184519805,
    "macro_weight": 0.21328690394198102,
    "base_position": 0.8237235943672256,
    "volatile_reduction": 0.6577505081596247,
    "trending_boost": 1.1900516345456273,
    "stop_atr_multiplier": 2.628287712626133,
    "stop_fixed_percentage": 0.03829889473722735,
    "profit_atr_multiplier": 4.6597185375318375,
    "profit_fixed_percentage": 0.08445029100837073
  },
  "best_value": 0.0,
  "n_trials": 50,
  "created_at": "2025-07-22T13:52:46.557371"
}