{
  "session_uuid": "c94cdcb7-9fb7-461f-b954-aeedd3dd4e3b",
  "train_performance": 0.0,
  "test_performance": {
    "total_return": 0.0,
    "log_return": 0.0,
    "buy_hold_return": 0.11603867764530329,
    "buy_hold_log_return": 0.10978552074683039,
    "excess_return": -0.11603867764530329,
    "sharpe_ratio": 0,
    "max_drawdown": 0.0,
    "win_rate": 0.0
  },
  "optimization_objective": "total_return",
  "created_at": "2025-07-22T13:52:46.553027"
}