{
  "session_uuid": "6f41062e-ff26-4201-bb2a-8ed51308aa48",
  "best_params": {
    "sma_short": 10,
    "sma_medium": 34,
    "sma_long": 112,
    "ema_short": 13,
    "ema_long": 45,
    "adx_period": 14,
    "adx_threshold": 35,
    "supertrend_period": 11,
    "supertrend_multiplier": 2.3577385568508484,
    "rsi_period": 10,
    "rsi_overbought": 68,
    "rsi_oversold": 23,
    "macd_fast": 15,
    "macd_slow": 27,
    "macd_signal": 5,
    "stoch_k_period": 18,
    "stoch_d_period": 5,
    "cci_period": 25,
    "williams_r_period": 30,
    "bb_period": 29,
    "bb_std": 2.4804962192331743,
    "atr_period": 21,
    "keltner_period": 15,
    "keltner_multiplier": 2.9875810008049686,
    "donchian_period": 23,
    "volume_ma_period": 23,
    "obv_ma_period": 15,
    "vwap_period": 20,
    "money_flow_period": 23,
    "pivot_period": 12,
    "fibonacci_levels": 4,
    "support_tolerance": 0.019072210681951283,
    "resistance_tolerance": 0.011303324445994824,
    "trend_weight": 0.41993077433321635,
    "momentum_weight": 0.19545679440802996,
    "volatility_weight": 0.278935306748736,
    "macro_weight": 0.17261991122334014,
    "volume_weight": 0.19273020780286698,
    "support_resistance_weight": 0.08297141440491812,
    "base_position": 0.5992970693892278,
    "volatile_reduction": 0.47337513835785616,
    "trending_boost": 1.3447937988363914,
    "momentum_boost": 1.1056900431712764,
    "volume_boost": 1.050632818924627,
    "stop_atr_multiplier": 2.7734384443194027,
    "stop_fixed_percentage": 0.032670191967069245,
    "profit_atr_multiplier": 3.554762726904242,
    "profit_fixed_percentage": 0.11422478367788001,
    "trailing_stop_percentage": 0.010433620064214529,
    "max_position_size": 1.339677765067039,
    "max_drawdown_limit": 0.06483467119351805,
    "entry_confirmation_periods": 5,
    "exit_confirmation_periods": 2,
    "trend_confirmation_periods": 2,
    "volume_confirmation_threshold": 1.6345661737460913,
    "momentum_confirmation_threshold": 0.8081922098935451
  },
  "best_value": -999.0,
  "n_trials": 100,
  "created_at": "2025-07-22T14:23:10.826230"
}