{
  "sma_short": 30,
  "sma_medium": 24,
  "sma_long": 93,
  "ema_short": 14,
  "ema_long": 47,
  "adx_period": 12,
  "adx_threshold": 22,
  "supertrend_period": 9,
  "supertrend_multiplier": 2.3126612973145373,
  "rsi_period": 23,
  "rsi_overbought": 71,
  "rsi_oversold": 29,
  "macd_fast": 11,
  "macd_slow": 24,
  "macd_signal": 6,
  "stoch_k_period": 19,
  "stoch_d_period": 8,
  "cci_period": 26,
  "williams_r_period": 16,
  "bb_period": 27,
  "bb_std": 2.114400372546121,
  "atr_period": 25,
  "keltner_period": 22,
  "keltner_multiplier": 1.7099688418928702,
  "donchian_period": 21,
  "volume_ma_period": 29,
  "obv_ma_period": 24,
  "vwap_period": 20,
  "money_flow_period": 24,
  "pivot_period": 11,
  "fibonacci_levels": 4,
  "support_tolerance": 0.015652778816599676,
  "resistance_tolerance": 0.009861662188178457,
  "trend_weight": 0.5278116917714607,
  "momentum_weight": 0.13624349814999967,
  "volatility_weight": 0.23480198670855273,
  "macro_weight": 0.26728517059306717,
  "volume_weight": 0.051759622784276114,
  "support_resistance_weight": 0.1775394113398192,
  "base_position": 0.6129656928582429,
  "volatile_reduction": 0.3074728589240456,
  "trending_boost": 1.3572720217399246,
  "momentum_boost": 1.1285833586734546,
  "volume_boost": 1.124649014387094,
  "stop_atr_multiplier": 1.6695351050335732,
  "stop_fixed_percentage": 0.029989784687848294,
  "profit_atr_multiplier": 3.0592280873944797,
  "profit_fixed_percentage": 0.11895276427825036,
  "trailing_stop_percentage": 0.03362295247219303,
  "max_position_size": 0.826950645214991,
  "max_drawdown_limit": 0.07250690869004531,
  "entry_confirmation_periods": 3,
  "exit_confirmation_periods": 3,
  "trend_confirmation_periods": 2,
  "volume_confirmation_threshold": 1.3577792002703495,
  "momentum_confirmation_threshold": 0.7491868823407999
}